sample_index_202,sample_uid,timestamp,sample_time,latitude,longitude,match_status,pace_match_status,scene_region,scene_id,scene_file,scene_time,image_path,repository_relative_path,pace_repository_url,time_delta_hours,abs_time_delta_hours,pixel_center_latitude,pixel_center_longitude,point_to_pixel_center_km,valid_spectrum
1,paceera_agg|130,20240625T18:50:00,2024-06-25T18:50:00,34.349,-119.85200000000002,matched,matched_to_pace_scene,R1_SoCal_SBC,PACE_OCI.20240625T205619,PACE_OCI.20240625T205619.V3_L2_Rrs_L2GEN_MTS.tiff,2024-06-25T20:56:19,E:\Rrs\R1_SoCal_SBC\PACE_OCI.20240625T205619.V3_L2_Rrs_L2GEN_MTS.tiff,Rrs/R1_SoCal_SBC/PACE_OCI.20240625T205619.V3_L2_Rrs_L2GEN_MTS.tiff,<PACE_IMAGE_REPOSITORY_URL>,2.105277777777778,2.105277777777778,34.3477836934224,-119.84637065461396,0.5342067344953206,True
2,paceera_agg|131,20240705T18:02:00,2024-07-05T18:02:00,34.3049,-119.717,matched,matched_to_pace_scene,R1_SoCal_SBC,PACE_OCI.20240705T200953,PACE_OCI.20240705T200953.V3_L2_Rrs_L2GEN_MTS.tiff,2024-07-05T20:09:53,E:\Rrs\R1_SoCal_SBC\PACE_OCI.20240705T200953.V3_L2_Rrs_L2GEN_MTS.tiff,Rrs/R1_SoCal_SBC/PACE_OCI.20240705T200953.V3_L2_Rrs_L2GEN_MTS.tiff,<PACE_IMAGE_REPOSITORY_URL>,2.131388888888889,2.131388888888889,34.299359342478255,-119.7240219259576,0.8919652670327152,True
3,paceera_agg|132,20240705T18:33:00,2024-07-05T18:33:00,34.2938,-119.676,matched,matched_to_pace_scene,R1_SoCal_SBC,PACE_OCI.20240705T200953,PACE_OCI.20240705T200953.V3_L2_Rrs_L2GEN_MTS.tiff,2024-07-05T20:09:53,E:\Rrs\R1_SoCal_SBC\PACE_OCI.20240705T200953.V3_L2_Rrs_L2GEN_MTS.tiff,Rrs/R1_SoCal_SBC/PACE_OCI.20240705T200953.V3_L2_Rrs_L2GEN_MTS.tiff,<PACE_IMAGE_REPOSITORY_URL>,1.6147222222222222,1.6147222222222222,34.299359342478255,-119.68070235724228,0.7541429308087679,True
4,paceera_agg|9,20240905T20:05:00,2024-09-05T20:05:00,34.3107,-119.769,matched,matched_to_pace_scene,R1_SoCal_SBC,PACE_OCI.20240905T195241,PACE_OCI.20240905T195241.V3_L2_Rrs_L2GEN_MTS.tiff,2024-09-05T19:52:41,E:\Rrs\R1_SoCal_SBC\PACE_OCI.20240905T195241.V3_L2_Rrs_L2GEN_MTS.tiff,Rrs/R1_SoCal_SBC/PACE_OCI.20240905T195241.V3_L2_Rrs_L2GEN_MTS.tiff,<PACE_IMAGE_REPOSITORY_URL>,-0.2052777777777777,0.2052777777777777,34.314843478141945,-119.7726254711288,0.568463367705895,True
5,paceera_agg|10,20240905T20:55:00,2024-09-05T20:55:00,34.3399,-119.7063,matched,matched_to_pace_scene,R1_SoCal_SBC,PACE_OCI.20240905T195241,PACE_OCI.20240905T195241.V3_L2_Rrs_L2GEN_MTS.tiff,2024-09-05T19:52:41,E:\Rrs\R1_SoCal_SBC\PACE_OCI.20240905T195241.V3_L2_Rrs_L2GEN_MTS.tiff,Rrs/R1_SoCal_SBC/PACE_OCI.20240905T195241.V3_L2_Rrs_L2GEN_MTS.tiff,<PACE_IMAGE_REPOSITORY_URL>,-1.0386111111111112,1.0386111111111112,34.33271075455344,-119.70115636548284,0.9284948582793254,True
6,paceera_agg|148,20240906T18:45:00,2024-09-06T18:45:00,33.5623,-118.1197,matched,matched_to_pace_scene,R1_SoCal_SBC,PACE_OCI.20240906T202704,PACE_OCI.20240906T202704.V3_L2_Rrs_L2GEN_MTS.tiff,2024-09-06T20:27:04,E:\Rrs\R1_SoCal_SBC\PACE_OCI.20240906T202704.V3_L2_Rrs_L2GEN_MTS.tiff,Rrs/R1_SoCal_SBC/PACE_OCI.20240906T202704.V3_L2_Rrs_L2GEN_MTS.tiff,<PACE_IMAGE_REPOSITORY_URL>,1.701111111111111,1.701111111111111,33.56527300417603,-118.11675584624712,0.4286036575192043,True
7,paceera_agg|149,20240906T20:51:00,2024-09-06T20:51:00,33.5623,-118.1197,matched,matched_to_pace_scene,R1_SoCal_SBC,PACE_OCI.20240906T202704,PACE_OCI.20240906T202704.V3_L2_Rrs_L2GEN_MTS.tiff,2024-09-06T20:27:04,E:\Rrs\R1_SoCal_SBC\PACE_OCI.20240906T202704.V3_L2_Rrs_L2GEN_MTS.tiff,Rrs/R1_SoCal_SBC/PACE_OCI.20240906T202704.V3_L2_Rrs_L2GEN_MTS.tiff,<PACE_IMAGE_REPOSITORY_URL>,-0.3988888888888889,0.3988888888888889,33.56527300417603,-118.11675584624712,0.4286036575192043,True
8,paceera_agg|38,20240906T21:01:00,2024-09-06T21:01:00,34.2211,-119.6837,matched,matched_to_pace_scene,R1_SoCal_SBC,PACE_OCI.20240906T202704,PACE_OCI.20240906T202704.V3_L2_Rrs_L2GEN_MTS.tiff,2024-09-06T20:27:04,E:\Rrs\R1_SoCal_SBC\PACE_OCI.20240906T202704.V3_L2_Rrs_L2GEN_MTS.tiff,Rrs/R1_SoCal_SBC/PACE_OCI.20240906T202704.V3_L2_Rrs_L2GEN_MTS.tiff,<PACE_IMAGE_REPOSITORY_URL>,-0.5655555555555556,0.5655555555555556,34.22585956422279,-119.68130296214734,0.573293845142532,True
9,paceera_agg|150,20240906T22:15:00,2024-09-06T22:15:00,33.5687,-118.116,matched,matched_to_pace_scene,R1_SoCal_SBC,PACE_OCI.20240906T202704,PACE_OCI.20240906T202704.V3_L2_Rrs_L2GEN_MTS.tiff,2024-09-06T20:27:04,E:\Rrs\R1_SoCal_SBC\PACE_OCI.20240906T202704.V3_L2_Rrs_L2GEN_MTS.tiff,Rrs/R1_SoCal_SBC/PACE_OCI.20240906T202704.V3_L2_Rrs_L2GEN_MTS.tiff,<PACE_IMAGE_REPOSITORY_URL>,-1.798888888888889,1.798888888888889,33.56527300417603,-118.11675584624712,0.3874466487581014,True
10,paceera_agg|57,20240908T16:56:00,2024-09-08T16:56:00,34.3095,-119.7333,matched,matched_to_pace_scene,R1_SoCal_SBC,PACE_OCI.20240906T202704,PACE_OCI.20240906T202704.V3_L2_Rrs_L2GEN_MTS.tiff,2024-09-06T20:27:04,E:\Rrs\R1_SoCal_SBC\PACE_OCI.20240906T202704.V3_L2_Rrs_L2GEN_MTS.tiff,Rrs/R1_SoCal_SBC/PACE_OCI.20240906T202704.V3_L2_Rrs_L2GEN_MTS.tiff,<PACE_IMAGE_REPOSITORY_URL>,-44.48222222222222,44.48222222222222,34.30698422949169,-119.72765991372958,0.5887419532021831,True
11,paceera_agg|151,20240908T18:31:00,2024-09-08T18:31:00,33.5623,-118.1197,matched,matched_to_pace_scene,R1_SoCal_SBC,PACE_OCI.20240906T202704,PACE_OCI.20240906T202704.V3_L2_Rrs_L2GEN_MTS.tiff,2024-09-06T20:27:04,E:\Rrs\R1_SoCal_SBC\PACE_OCI.20240906T202704.V3_L2_Rrs_L2GEN_MTS.tiff,Rrs/R1_SoCal_SBC/PACE_OCI.20240906T202704.V3_L2_Rrs_L2GEN_MTS.tiff,<PACE_IMAGE_REPOSITORY_URL>,-46.06555555555556,46.06555555555556,33.56527300417603,-118.11675584624712,0.4286036575192043,True
12,paceera_agg|59,20240908T19:10:00,2024-09-08T19:10:00,34.3684,-120.0261,matched,matched_to_pace_scene,R1_SoCal_SBC,PACE_OCI.20240906T202704,PACE_OCI.20240906T202704.V3_L2_Rrs_L2GEN_MTS.tiff,2024-09-06T20:27:04,E:\Rrs\R1_SoCal_SBC\PACE_OCI.20240906T202704.V3_L2_Rrs_L2GEN_MTS.tiff,Rrs/R1_SoCal_SBC/PACE_OCI.20240906T202704.V3_L2_Rrs_L2GEN_MTS.tiff,<PACE_IMAGE_REPOSITORY_URL>,-46.715555555555554,46.715555555555554,34.36493041896948,-120.02898009901406,0.4676782144656625,True
13,paceera_agg|152,20240908T20:26:00,2024-09-08T20:26:00,33.5623,-118.1197,matched,matched_to_pace_scene,R1_SoCal_SBC,PACE_OCI.20240906T202704,PACE_OCI.20240906T202704.V3_L2_Rrs_L2GEN_MTS.tiff,2024-09-06T20:27:04,E:\Rrs\R1_SoCal_SBC\PACE_OCI.20240906T202704.V3_L2_Rrs_L2GEN_MTS.tiff,Rrs/R1_SoCal_SBC/PACE_OCI.20240906T202704.V3_L2_Rrs_L2GEN_MTS.tiff,<PACE_IMAGE_REPOSITORY_URL>,-47.98222222222222,47.98222222222222,33.56527300417603,-118.11675584624712,0.4286036575192043,True
14,paceera_agg|60,20240908T21:54:00,2024-09-08T21:54:00,34.3539,-119.6513,matched,matched_to_pace_scene,R1_SoCal_SBC,PACE_OCI.20240906T202704,PACE_OCI.20240906T202704.V3_L2_Rrs_L2GEN_MTS.tiff,2024-09-06T20:27:04,E:\Rrs\R1_SoCal_SBC\PACE_OCI.20240906T202704.V3_L2_Rrs_L2GEN_MTS.tiff,Rrs/R1_SoCal_SBC/PACE_OCI.20240906T202704.V3_L2_Rrs_L2GEN_MTS.tiff,<PACE_IMAGE_REPOSITORY_URL>,-49.44888888888889,49.44888888888889,34.353341181073915,-119.64653524846068,0.4417929144198782,True
15,paceera_agg|153,20240908T21:58:00,2024-09-08T21:58:00,33.5687,-118.116,matched,matched_to_pace_scene,R1_SoCal_SBC,PACE_OCI.20240906T202704,PACE_OCI.20240906T202704.V3_L2_Rrs_L2GEN_MTS.tiff,2024-09-06T20:27:04,E:\Rrs\R1_SoCal_SBC\PACE_OCI.20240906T202704.V3_L2_Rrs_L2GEN_MTS.tiff,Rrs/R1_SoCal_SBC/PACE_OCI.20240906T202704.V3_L2_Rrs_L2GEN_MTS.tiff,<PACE_IMAGE_REPOSITORY_URL>,-49.51555555555556,49.51555555555556,33.56527300417603,-118.11675584624712,0.3874466487581014,True
16,paceera_agg|154,20240910T18:08:00,2024-09-10T18:08:00,33.5979,-118.1177,matched,matched_to_pace_scene,R1_SoCal_SBC,PACE_OCI.20240912T203631,PACE_OCI.20240912T203631.V3_L2_Rrs_L2GEN_MTS.tiff,2024-09-12T20:36:31,E:\Rrs\R1_SoCal_SBC\PACE_OCI.20240912T203631.V3_L2_Rrs_L2GEN_MTS.tiff,Rrs/R1_SoCal_SBC/PACE_OCI.20240912T203631.V3_L2_Rrs_L2GEN_MTS.tiff,<PACE_IMAGE_REPOSITORY_URL>,50.47527777777778,50.47527777777778,33.59936312357451,-118.11773901386606,0.1627322650820334,True
17,paceera_agg|61,20240912T16:37:00,2024-09-12T16:37:00,34.3597,-119.6266,matched,matched_to_pace_scene,R1_SoCal_SBC,PACE_OCI.20240912T203631,PACE_OCI.20240912T203631.V3_L2_Rrs_L2GEN_MTS.tiff,2024-09-12T20:36:31,E:\Rrs\R1_SoCal_SBC\PACE_OCI.20240912T203631.V3_L2_Rrs_L2GEN_MTS.tiff,Rrs/R1_SoCal_SBC/PACE_OCI.20240912T203631.V3_L2_Rrs_L2GEN_MTS.tiff,<PACE_IMAGE_REPOSITORY_URL>,3.991944444444445,3.991944444444445,34.35761057808615,-119.6223863064126,0.4512053745540949,True
18,paceera_agg|155,20240912T18:46:00,2024-09-12T18:46:00,33.5729,-118.11809999999998,matched,matched_to_pace_scene,R1_SoCal_SBC,PACE_OCI.20240912T203631,PACE_OCI.20240912T203631.V3_L2_Rrs_L2GEN_MTS.tiff,2024-09-12T20:36:31,E:\Rrs\R1_SoCal_SBC\PACE_OCI.20240912T203631.V3_L2_Rrs_L2GEN_MTS.tiff,Rrs/R1_SoCal_SBC/PACE_OCI.20240912T203631.V3_L2_Rrs_L2GEN_MTS.tiff,<PACE_IMAGE_REPOSITORY_URL>,1.8419444444444444,1.8419444444444444,33.57566789062103,-118.11773901386606,0.3095874856935788,True
19,paceera_agg|62,20240912T18:51:00,2024-09-12T18:51:00,34.3161,-119.5451,matched,matched_to_pace_scene,R1_SoCal_SBC,PACE_OCI.20240912T203631,PACE_OCI.20240912T203631.V3_L2_Rrs_L2GEN_MTS.tiff,2024-09-12T20:36:31,E:\Rrs\R1_SoCal_SBC\PACE_OCI.20240912T203631.V3_L2_Rrs_L2GEN_MTS.tiff,Rrs/R1_SoCal_SBC/PACE_OCI.20240912T203631.V3_L2_Rrs_L2GEN_MTS.tiff,<PACE_IMAGE_REPOSITORY_URL>,1.7586111111111111,1.7586111111111111,34.310220112179174,-119.53945299107538,0.8345436385026596,True
20,paceera_agg|156,20240912T20:22:00,2024-09-12T20:22:00,33.5976,-118.1175,matched,matched_to_pace_scene,R1_SoCal_SBC,PACE_OCI.20240912T203631,PACE_OCI.20240912T203631.V3_L2_Rrs_L2GEN_MTS.tiff,2024-09-12T20:36:31,E:\Rrs\R1_SoCal_SBC\PACE_OCI.20240912T203631.V3_L2_Rrs_L2GEN_MTS.tiff,Rrs/R1_SoCal_SBC/PACE_OCI.20240912T203631.V3_L2_Rrs_L2GEN_MTS.tiff,<PACE_IMAGE_REPOSITORY_URL>,0.2419444444444444,0.2419444444444444,33.59936312357451,-118.11773901386606,0.1972965136231336,True
21,paceera_agg|63,20240912T21:03:00,2024-09-12T21:03:00,34.2616,-119.4386,matched,matched_to_pace_scene,R1_SoCal_SBC,PACE_OCI.20240912T203631,PACE_OCI.20240912T203631.V3_L2_Rrs_L2GEN_MTS.tiff,2024-09-12T20:36:31,E:\Rrs\R1_SoCal_SBC\PACE_OCI.20240912T203631.V3_L2_Rrs_L2GEN_MTS.tiff,Rrs/R1_SoCal_SBC/PACE_OCI.20240912T203631.V3_L2_Rrs_L2GEN_MTS.tiff,<PACE_IMAGE_REPOSITORY_URL>,-0.4413888888888889,0.4413888888888889,34.2628296462722,-119.43282444278468,0.5480986467350769,True
22,paceera_agg|64,20240913T16:46:00,2024-09-13T16:46:00,34.3269,-119.5017,matched,matched_to_pace_scene,R1_SoCal_SBC,PACE_OCI.20240912T203631,PACE_OCI.20240912T203631.V3_L2_Rrs_L2GEN_MTS.tiff,2024-09-12T20:36:31,E:\Rrs\R1_SoCal_SBC\PACE_OCI.20240912T203631.V3_L2_Rrs_L2GEN_MTS.tiff,Rrs/R1_SoCal_SBC/PACE_OCI.20240912T203631.V3_L2_Rrs_L2GEN_MTS.tiff,<PACE_IMAGE_REPOSITORY_URL>,-20.15805555555556,20.15805555555556,34.322067728655924,-119.50391014164516,0.5743785844687476,True
23,paceera_agg|29,20240913T18:50:00,2024-09-13T18:50:00,34.3229,-119.5743,matched,matched_to_pace_scene,R1_SoCal_SBC,PACE_OCI.20240912T203631,PACE_OCI.20240912T203631.V3_L2_Rrs_L2GEN_MTS.tiff,2024-09-12T20:36:31,E:\Rrs\R1_SoCal_SBC\PACE_OCI.20240912T203631.V3_L2_Rrs_L2GEN_MTS.tiff,Rrs/R1_SoCal_SBC/PACE_OCI.20240912T203631.V3_L2_Rrs_L2GEN_MTS.tiff,<PACE_IMAGE_REPOSITORY_URL>,-22.224722222222223,22.224722222222223,34.322067728655924,-119.57499584050562,0.1124627743891953,True
24,paceera_agg|138,20240913T20:14:00,2024-09-13T20:14:00,33.5583,-118.1175,matched,matched_to_pace_scene,R1_SoCal_SBC,PACE_OCI.20240912T203631,PACE_OCI.20240912T203631.V3_L2_Rrs_L2GEN_MTS.tiff,2024-09-12T20:36:31,E:\Rrs\R1_SoCal_SBC\PACE_OCI.20240912T203631.V3_L2_Rrs_L2GEN_MTS.tiff,Rrs/R1_SoCal_SBC/PACE_OCI.20240912T203631.V3_L2_Rrs_L2GEN_MTS.tiff,<PACE_IMAGE_REPOSITORY_URL>,-23.62472222222222,23.62472222222222,33.563820274144284,-118.11773901386606,0.6142267186495318,True
25,paceera_agg|30,20240913T20:53:00,2024-09-13T20:53:00,34.1227,-119.7013,matched,matched_to_pace_scene,R1_SoCal_SBC,PACE_OCI.20240912T203631,PACE_OCI.20240912T203631.V3_L2_Rrs_L2GEN_MTS.tiff,2024-09-12T20:36:31,E:\Rrs\R1_SoCal_SBC\PACE_OCI.20240912T203631.V3_L2_Rrs_L2GEN_MTS.tiff,Rrs/R1_SoCal_SBC/PACE_OCI.20240912T203631.V3_L2_Rrs_L2GEN_MTS.tiff,<PACE_IMAGE_REPOSITORY_URL>,-24.274722222222223,24.274722222222223,34.120658248551266,-119.7053196217498,0.4341155199457549,True
26,paceera_agg|139,20240913T21:21:00,2024-09-13T21:21:00,33.5583,-118.1175,matched,matched_to_pace_scene,R1_SoCal_SBC,PACE_OCI.20240912T203631,PACE_OCI.20240912T203631.V3_L2_Rrs_L2GEN_MTS.tiff,2024-09-12T20:36:31,E:\Rrs\R1_SoCal_SBC\PACE_OCI.20240912T203631.V3_L2_Rrs_L2GEN_MTS.tiff,Rrs/R1_SoCal_SBC/PACE_OCI.20240912T203631.V3_L2_Rrs_L2GEN_MTS.tiff,<PACE_IMAGE_REPOSITORY_URL>,-24.74138888888889,24.74138888888889,33.563820274144284,-118.11773901386606,0.6142267186495318,True
27,paceera_agg|31,20240914T20:17:00,2024-09-14T20:17:00,34.1314,-119.3766,matched,matched_to_pace_scene,R1_SoCal_SBC,PACE_OCI.20240915T204113,PACE_OCI.20240915T204113.V3_L2_Rrs_L2GEN_MTS.tiff,2024-09-15T20:41:13,E:\Rrs\R1_SoCal_SBC\PACE_OCI.20240915T204113.V3_L2_Rrs_L2GEN_MTS.tiff,Rrs/R1_SoCal_SBC/PACE_OCI.20240915T204113.V3_L2_Rrs_L2GEN_MTS.tiff,<PACE_IMAGE_REPOSITORY_URL>,24.40361111111111,24.40361111111111,34.13189207607681,-119.37729383585238,0.084096552108756,False
28,paceera_agg|140,20240915T19:58:00,2024-09-15T19:58:00,33.5881,-118.1173,matched,matched_to_pace_scene,R1_SoCal_SBC,PACE_OCI.20240915T204113,PACE_OCI.20240915T204113.V3_L2_Rrs_L2GEN_MTS.tiff,2024-09-15T20:41:13,E:\Rrs\R1_SoCal_SBC\PACE_OCI.20240915T204113.V3_L2_Rrs_L2GEN_MTS.tiff,Rrs/R1_SoCal_SBC/PACE_OCI.20240915T204113.V3_L2_Rrs_L2GEN_MTS.tiff,<PACE_IMAGE_REPOSITORY_URL>,0.7202777777777778,0.7202777777777778,33.58954984305378,-118.1160328288221,0.1994182709694963,True
29,paceera_agg|32,20240915T19:58:00,2024-09-15T19:58:00,34.0144,-119.1739,matched,matched_to_pace_scene,R1_SoCal_SBC,PACE_OCI.20240915T204113,PACE_OCI.20240915T204113.V3_L2_Rrs_L2GEN_MTS.tiff,2024-09-15T20:41:13,E:\Rrs\R1_SoCal_SBC\PACE_OCI.20240915T204113.V3_L2_Rrs_L2GEN_MTS.tiff,Rrs/R1_SoCal_SBC/PACE_OCI.20240915T204113.V3_L2_Rrs_L2GEN_MTS.tiff,<PACE_IMAGE_REPOSITORY_URL>,0.7202777777777778,0.7202777777777778,34.01837858544408,-119.17549207472754,0.4660994673393191,False
30,paceera_agg|141,20240915T21:31:00,2024-09-15T21:31:00,33.6364,-118.1166,matched,matched_to_pace_scene,R1_SoCal_SBC,PACE_OCI.20240915T204113,PACE_OCI.20240915T204113.V3_L2_Rrs_L2GEN_MTS.tiff,2024-09-15T20:41:13,E:\Rrs\R1_SoCal_SBC\PACE_OCI.20240915T204113.V3_L2_Rrs_L2GEN_MTS.tiff,Rrs/R1_SoCal_SBC/PACE_OCI.20240915T204113.V3_L2_Rrs_L2GEN_MTS.tiff,<PACE_IMAGE_REPOSITORY_URL>,-0.8297222222222222,0.8297222222222222,33.64000028333499,-118.1160328288221,0.4037623743860211,True
31,paceera_agg|33,20240915T22:17:00,2024-09-15T22:17:00,34.1591,-119.31059999999998,matched,matched_to_pace_scene,R1_SoCal_SBC,PACE_OCI.20240915T204113,PACE_OCI.20240915T204113.V3_L2_Rrs_L2GEN_MTS.tiff,2024-09-15T20:41:13,E:\Rrs\R1_SoCal_SBC\PACE_OCI.20240915T204113.V3_L2_Rrs_L2GEN_MTS.tiff,Rrs/R1_SoCal_SBC/PACE_OCI.20240915T204113.V3_L2_Rrs_L2GEN_MTS.tiff,<PACE_IMAGE_REPOSITORY_URL>,-1.5963888888888889,1.5963888888888889,34.157117296217415,-119.31423078550088,0.4002682317864207,False
32,paceera_agg|34,20240917T16:34:00,2024-09-17T16:34:00,34.2263,-119.7711,matched,matched_to_pace_scene,R1_SoCal_SBC,PACE_OCI.20240917T201128,PACE_OCI.20240917T201128.V3_L2_Rrs_L2GEN_MTS.tiff,2024-09-17T20:11:28,E:\Rrs\R1_SoCal_SBC\PACE_OCI.20240917T201128.V3_L2_Rrs_L2GEN_MTS.tiff,Rrs/R1_SoCal_SBC/PACE_OCI.20240917T201128.V3_L2_Rrs_L2GEN_MTS.tiff,<PACE_IMAGE_REPOSITORY_URL>,3.624444444444445,3.624444444444445,34.22189760026855,-119.77357120753588,0.5396824543859571,True
33,paceera_agg|142,20240917T18:26:00,2024-09-17T18:26:00,33.5943,-118.1177,matched,matched_to_pace_scene,R1_SoCal_SBC,PACE_OCI.20240917T201128,PACE_OCI.20240917T201128.V3_L2_Rrs_L2GEN_MTS.tiff,2024-09-17T20:11:28,E:\Rrs\R1_SoCal_SBC\PACE_OCI.20240917T201128.V3_L2_Rrs_L2GEN_MTS.tiff,Rrs/R1_SoCal_SBC/PACE_OCI.20240917T201128.V3_L2_Rrs_L2GEN_MTS.tiff,<PACE_IMAGE_REPOSITORY_URL>,1.757777777777778,1.757777777777778,33.59602656248619,-118.11849001873364,0.205457137814215,True
34,paceera_agg|35,20240917T18:45:00,2024-09-17T18:45:00,34.1805,-119.6653,matched,matched_to_pace_scene,R1_SoCal_SBC,PACE_OCI.20240917T201128,PACE_OCI.20240917T201128.V3_L2_Rrs_L2GEN_MTS.tiff,2024-09-17T20:11:28,E:\Rrs\R1_SoCal_SBC\PACE_OCI.20240917T201128.V3_L2_Rrs_L2GEN_MTS.tiff,Rrs/R1_SoCal_SBC/PACE_OCI.20240917T201128.V3_L2_Rrs_L2GEN_MTS.tiff,<PACE_IMAGE_REPOSITORY_URL>,1.441111111111111,1.441111111111111,34.18017286441639,-119.66230524526344,0.2778749235988798,True
35,paceera_agg|143,20240917T20:00:00,2024-09-17T20:00:00,33.5643,-118.1213,matched,matched_to_pace_scene,R1_SoCal_SBC,PACE_OCI.20240917T201128,PACE_OCI.20240917T201128.V3_L2_Rrs_L2GEN_MTS.tiff,2024-09-17T20:11:28,E:\Rrs\R1_SoCal_SBC\PACE_OCI.20240917T201128.V3_L2_Rrs_L2GEN_MTS.tiff,Rrs/R1_SoCal_SBC/PACE_OCI.20240917T201128.V3_L2_Rrs_L2GEN_MTS.tiff,<PACE_IMAGE_REPOSITORY_URL>,0.1911111111111111,0.1911111111111111,33.56821007191808,-118.11849001873364,0.5067721883415413,True
36,paceera_agg|36,20240917T20:23:00,2024-09-17T20:23:00,34.2608,-119.6197,matched,matched_to_pace_scene,R1_SoCal_SBC,PACE_OCI.20240917T201128,PACE_OCI.20240917T201128.V3_L2_Rrs_L2GEN_MTS.tiff,2024-09-17T20:11:28,E:\Rrs\R1_SoCal_SBC\PACE_OCI.20240917T201128.V3_L2_Rrs_L2GEN_MTS.tiff,Rrs/R1_SoCal_SBC/PACE_OCI.20240917T201128.V3_L2_Rrs_L2GEN_MTS.tiff,<PACE_IMAGE_REPOSITORY_URL>,-0.1922222222222222,0.1922222222222222,34.263622336120704,-119.6205805094113,0.3240940698212706,True
37,paceera_agg|144,20240917T21:08:00,2024-09-17T21:08:00,33.5828,-118.1177,matched,matched_to_pace_scene,R1_SoCal_SBC,PACE_OCI.20240917T201128,PACE_OCI.20240917T201128.V3_L2_Rrs_L2GEN_MTS.tiff,2024-09-17T20:11:28,E:\Rrs\R1_SoCal_SBC\PACE_OCI.20240917T201128.V3_L2_Rrs_L2GEN_MTS.tiff,Rrs/R1_SoCal_SBC/PACE_OCI.20240917T201128.V3_L2_Rrs_L2GEN_MTS.tiff,<PACE_IMAGE_REPOSITORY_URL>,-0.9422222222222222,0.9422222222222222,33.58211831720214,-118.11849001873364,0.105363563050759,True
38,paceera_agg|37,20240917T21:54:00,2024-09-17T21:54:00,34.331,-119.5653,matched,matched_to_pace_scene,R1_SoCal_SBC,PACE_OCI.20240917T201128,PACE_OCI.20240917T201128.V3_L2_Rrs_L2GEN_MTS.tiff,2024-09-17T20:11:28,E:\Rrs\R1_SoCal_SBC\PACE_OCI.20240917T201128.V3_L2_Rrs_L2GEN_MTS.tiff,Rrs/R1_SoCal_SBC/PACE_OCI.20240917T201128.V3_L2_Rrs_L2GEN_MTS.tiff,<PACE_IMAGE_REPOSITORY_URL>,-1.708888888888889,1.708888888888889,34.33316356254097,-119.56494752827508,0.2427447870559395,True
39,paceera_agg|39,20240918T17:13:00,2024-09-18T17:13:00,34.3491,-120.05379999999998,matched,matched_to_pace_scene,R1_SoCal_SBC,PACE_OCI.20240917T201128,PACE_OCI.20240917T201128.V3_L2_Rrs_L2GEN_MTS.tiff,2024-09-17T20:11:28,E:\Rrs\R1_SoCal_SBC\PACE_OCI.20240917T201128.V3_L2_Rrs_L2GEN_MTS.tiff,Rrs/R1_SoCal_SBC/PACE_OCI.20240917T201128.V3_L2_Rrs_L2GEN_MTS.tiff,<PACE_IMAGE_REPOSITORY_URL>,-21.02555555555556,21.02555555555556,34.34707180782502,-120.05173611321692,0.2945550766020202,True
40,paceera_agg|145,20240918T19:20:00,2024-09-18T19:20:00,33.5615,-118.11539999999998,matched,matched_to_pace_scene,R1_SoCal_SBC,PACE_OCI.20240917T201128,PACE_OCI.20240917T201128.V3_L2_Rrs_L2GEN_MTS.tiff,2024-09-17T20:11:28,E:\Rrs\R1_SoCal_SBC\PACE_OCI.20240917T201128.V3_L2_Rrs_L2GEN_MTS.tiff,Rrs/R1_SoCal_SBC/PACE_OCI.20240917T201128.V3_L2_Rrs_L2GEN_MTS.tiff,<PACE_IMAGE_REPOSITORY_URL>,-23.142222222222223,23.142222222222223,33.56821007191808,-118.11849001873364,0.79917175181247,True
41,paceera_agg|40,20240918T19:31:00,2024-09-18T19:31:00,34.2982,-119.7546,matched,matched_to_pace_scene,R1_SoCal_SBC,PACE_OCI.20240917T201128,PACE_OCI.20240917T201128.V3_L2_Rrs_L2GEN_MTS.tiff,2024-09-17T20:11:28,E:\Rrs\R1_SoCal_SBC\PACE_OCI.20240917T201128.V3_L2_Rrs_L2GEN_MTS.tiff,Rrs/R1_SoCal_SBC/PACE_OCI.20240917T201128.V3_L2_Rrs_L2GEN_MTS.tiff,<PACE_IMAGE_REPOSITORY_URL>,-23.32555555555556,23.32555555555556,34.29143882668881,-119.75966296225182,0.8840461067440619,True
42,paceera_agg|146,20240918T20:54:00,2024-09-18T20:54:00,33.5802,-118.0614,matched,matched_to_pace_scene,R1_SoCal_SBC,PACE_OCI.20240917T201128,PACE_OCI.20240917T201128.V3_L2_Rrs_L2GEN_MTS.tiff,2024-09-17T20:11:28,E:\Rrs\R1_SoCal_SBC\PACE_OCI.20240917T201128.V3_L2_Rrs_L2GEN_MTS.tiff,Rrs/R1_SoCal_SBC/PACE_OCI.20240917T201128.V3_L2_Rrs_L2GEN_MTS.tiff,<PACE_IMAGE_REPOSITORY_URL>,-24.70888888888889,24.70888888888889,33.58211831720214,-118.06285703759742,0.2524251612454251,True
43,paceera_agg|41,20240918T22:06:00,2024-09-18T22:06:00,34.2896,-119.5274,matched,matched_to_pace_scene,R1_SoCal_SBC,PACE_OCI.20240917T201128,PACE_OCI.20240917T201128.V3_L2_Rrs_L2GEN_MTS.tiff,2024-09-17T20:11:28,E:\Rrs\R1_SoCal_SBC\PACE_OCI.20240917T201128.V3_L2_Rrs_L2GEN_MTS.tiff,Rrs/R1_SoCal_SBC/PACE_OCI.20240917T201128.V3_L2_Rrs_L2GEN_MTS.tiff,<PACE_IMAGE_REPOSITORY_URL>,-25.90888888888889,25.90888888888889,34.29143882668881,-119.52322279242291,0.4348265407157263,True
44,paceera_agg|42,20240919T18:18:00,2024-09-19T18:18:00,34.2506,-119.7632,matched,matched_to_pace_scene,R1_SoCal_SBC,PACE_OCI.20240917T201128,PACE_OCI.20240917T201128.V3_L2_Rrs_L2GEN_MTS.tiff,2024-09-17T20:11:28,E:\Rrs\R1_SoCal_SBC\PACE_OCI.20240917T201128.V3_L2_Rrs_L2GEN_MTS.tiff,Rrs/R1_SoCal_SBC/PACE_OCI.20240917T201128.V3_L2_Rrs_L2GEN_MTS.tiff,<PACE_IMAGE_REPOSITORY_URL>,-46.10888888888889,46.10888888888889,34.249714090836655,-119.75966296225182,0.3396951078751324,True
45,paceera_agg|147,20240919T20:44:00,2024-09-19T20:44:00,33.5818,-118.1235,matched,matched_to_pace_scene,R1_SoCal_SBC,PACE_OCI.20240917T201128,PACE_OCI.20240917T201128.V3_L2_Rrs_L2GEN_MTS.tiff,2024-09-17T20:11:28,E:\Rrs\R1_SoCal_SBC\PACE_OCI.20240917T201128.V3_L2_Rrs_L2GEN_MTS.tiff,Rrs/R1_SoCal_SBC/PACE_OCI.20240917T201128.V3_L2_Rrs_L2GEN_MTS.tiff,<PACE_IMAGE_REPOSITORY_URL>,-48.54222222222222,48.54222222222222,33.58211831720214,-118.11849001873364,0.4654529679465706,True
46,paceera_agg|43,20240919T20:54:00,2024-09-19T20:54:00,34.2772,-119.6762,matched,matched_to_pace_scene,R1_SoCal_SBC,PACE_OCI.20240917T201128,PACE_OCI.20240917T201128.V3_L2_Rrs_L2GEN_MTS.tiff,2024-09-17T20:11:28,E:\Rrs\R1_SoCal_SBC\PACE_OCI.20240917T201128.V3_L2_Rrs_L2GEN_MTS.tiff,Rrs/R1_SoCal_SBC/PACE_OCI.20240917T201128.V3_L2_Rrs_L2GEN_MTS.tiff,<PACE_IMAGE_REPOSITORY_URL>,-48.708888888888886,48.708888888888886,34.277530581404754,-119.67621349054752,0.0367799192833057,True
47,paceera_agg|44,20240920T16:51:00,2024-09-20T16:51:00,34.2531,-119.8045,matched,matched_to_pace_scene,R1_SoCal_SBC,PACE_OCI.20240917T201128,PACE_OCI.20240917T201128.V3_L2_Rrs_L2GEN_MTS.tiff,2024-09-17T20:11:28,E:\Rrs\R1_SoCal_SBC\PACE_OCI.20240917T201128.V3_L2_Rrs_L2GEN_MTS.tiff,Rrs/R1_SoCal_SBC/PACE_OCI.20240917T201128.V3_L2_Rrs_L2GEN_MTS.tiff,<PACE_IMAGE_REPOSITORY_URL>,-68.6588888888889,68.6588888888889,34.249714090836655,-119.80138769810398,0.4728395303449051,True
48,paceera_agg|45,20240920T18:07:00,2024-09-20T18:07:00,34.3736,-119.9479,matched,matched_to_pace_scene,R1_SoCal_SBC,PACE_OCI.20240917T201128,PACE_OCI.20240917T201128.V3_L2_Rrs_L2GEN_MTS.tiff,2024-09-17T20:11:28,E:\Rrs\R1_SoCal_SBC\PACE_OCI.20240917T201128.V3_L2_Rrs_L2GEN_MTS.tiff,Rrs/R1_SoCal_SBC/PACE_OCI.20240917T201128.V3_L2_Rrs_L2GEN_MTS.tiff,<PACE_IMAGE_REPOSITORY_URL>,-69.92555555555556,69.92555555555556,34.374888298393124,-119.95437839622856,0.6115803261653875,True
49,paceera_agg|11,20240920T19:59:00,2024-09-20T19:59:00,34.3075,-119.8873,matched,matched_to_pace_scene,R1_SoCal_SBC,PACE_OCI.20240917T201128,PACE_OCI.20240917T201128.V3_L2_Rrs_L2GEN_MTS.tiff,2024-09-17T20:11:28,E:\Rrs\R1_SoCal_SBC\PACE_OCI.20240917T201128.V3_L2_Rrs_L2GEN_MTS.tiff,Rrs/R1_SoCal_SBC/PACE_OCI.20240917T201128.V3_L2_Rrs_L2GEN_MTS.tiff,<PACE_IMAGE_REPOSITORY_URL>,-71.79222222222222,71.79222222222222,34.30534707197286,-119.88483716980828,0.3293668515860906,True
50,paceera_agg|46,20240920T20:24:00,2024-09-20T20:24:00,34.3606,-119.71999999999998,unmatched,no_matching_pace_scene,,,,,,,,,,,,,
51,paceera_agg|12,20240920T20:45:00,2024-09-20T20:45:00,34.3014,-119.8143,unmatched,no_matching_pace_scene,,,,,,,,,,,,,
52,paceera_agg|47,20240921T21:17:00,2024-09-21T21:17:00,33.6046,-119.4343,unmatched,no_matching_pace_scene,,,,,,,,,,,,,
53,paceera_agg|48,20240922T18:16:00,2024-09-22T18:16:00,33.6813,-119.557,unmatched,no_matching_pace_scene,,,,,,,,,,,,,
54,paceera_agg|49,20240922T20:24:00,2024-09-22T20:24:00,33.6205,-119.4671,unmatched,no_matching_pace_scene,,,,,,,,,,,,,
55,paceera_agg|50,20240923T16:44:00,2024-09-23T16:44:00,34.2938,-119.8578,unmatched,no_matching_pace_scene,,,,,,,,,,,,,
56,paceera_agg|51,20240923T19:10:00,2024-09-23T19:10:00,34.2142,-119.5823,unmatched,no_matching_pace_scene,,,,,,,,,,,,,
57,paceera_agg|52,20240925T18:45:00,2024-09-25T18:45:00,34.1156,-119.6838,unmatched,no_matching_pace_scene,,,,,,,,,,,,,
58,paceera_agg|53,20240925T20:11:00,2024-09-25T20:11:00,34.1022,-119.6402,unmatched,no_matching_pace_scene,,,,,,,,,,,,,
59,paceera_agg|54,20240925T21:57:00,2024-09-25T21:57:00,34.1882,-119.6986,unmatched,no_matching_pace_scene,,,,,,,,,,,,,
60,paceera_agg|55,20240925T23:12:00,2024-09-25T23:12:00,34.3103,-119.6844,unmatched,no_matching_pace_scene,,,,,,,,,,,,,
61,paceera_agg|56,20240926T16:39:00,2024-09-26T16:39:00,34.1884,-119.6293,unmatched,no_matching_pace_scene,,,,,,,,,,,,,
62,paceera_agg|58,20240926T20:15:00,2024-09-26T20:15:00,34.337,-119.649,unmatched,no_matching_pace_scene,,,,,,,,,,,,,
63,paceera_agg|133,20241018T19:30:00,2024-10-18T19:30:00,34.30086,-119.65326,unmatched,no_matching_pace_scene,,,,,,,,,,,,,
64,paceera_agg|134,20241018T20:15:00,2024-10-18T20:15:00,34.3408256,-119.6309658,unmatched,no_matching_pace_scene,,,,,,,,,,,,,
65,paceera_agg|135,20241024T19:20:00,2024-10-24T19:20:00,34.34969,-119.68314,unmatched,no_matching_pace_scene,,,,,,,,,,,,,
66,paceera_agg|136,20241024T20:12:00,2024-10-24T20:12:00,34.31484,-119.72215,unmatched,no_matching_pace_scene,,,,,,,,,,,,,
67,paceera_agg|137,20241121T20:45:00,2024-11-21T20:45:00,34.3305,-119.777,unmatched,no_matching_pace_scene,,,,,,,,,,,,,
68,paceera_agg|112,20250109T08:30:00,2025-01-09T08:30:00,2.193,69.532,matched,matched_to_pace_scene,R3_Indian_Ocean_C4,PACE_OCI.20250110T085650,PACE_OCI.20250110T085650.V3_L2_Rrs_L2GEN_MTS.tiff,2025-01-10T08:56:50,E:\Rrs\R3_Indian_Ocean_C4\PACE_OCI.20250110T085650.V3_L2_Rrs_L2GEN_MTS.tiff,Rrs/R3_Indian_Ocean_C4/PACE_OCI.20250110T085650.V3_L2_Rrs_L2GEN_MTS.tiff,<PACE_IMAGE_REPOSITORY_URL>,24.447222222222223,24.447222222222223,2.194707758361148,69.52619900305683,0.6719596160720201,False
69,paceera_agg|113,20250109T08:30:00,2025-01-09T08:30:00,2.193,69.532,matched,matched_to_pace_scene,R3_Indian_Ocean_C4,PACE_OCI.20250110T085650,PACE_OCI.20250110T085650.V3_L2_Rrs_L2GEN_MTS.tiff,2025-01-10T08:56:50,E:\Rrs\R3_Indian_Ocean_C4\PACE_OCI.20250110T085650.V3_L2_Rrs_L2GEN_MTS.tiff,Rrs/R3_Indian_Ocean_C4/PACE_OCI.20250110T085650.V3_L2_Rrs_L2GEN_MTS.tiff,<PACE_IMAGE_REPOSITORY_URL>,24.447222222222223,24.447222222222223,2.194707758361148,69.52619900305683,0.6719596160720201,False
70,paceera_agg|65,20250109T08:30:00,2025-01-09T08:30:00,2.193,69.532,matched,matched_to_pace_scene,R3_Indian_Ocean_C4,PACE_OCI.20250110T085650,PACE_OCI.20250110T085650.V3_L2_Rrs_L2GEN_MTS.tiff,2025-01-10T08:56:50,E:\Rrs\R3_Indian_Ocean_C4\PACE_OCI.20250110T085650.V3_L2_Rrs_L2GEN_MTS.tiff,Rrs/R3_Indian_Ocean_C4/PACE_OCI.20250110T085650.V3_L2_Rrs_L2GEN_MTS.tiff,<PACE_IMAGE_REPOSITORY_URL>,24.447222222222223,24.447222222222223,2.194707758361148,69.52619900305683,0.6719596160720201,False
71,paceera_agg|66,20250109T08:30:00,2025-01-09T08:30:00,2.193,69.532,matched,matched_to_pace_scene,R3_Indian_Ocean_C4,PACE_OCI.20250110T085650,PACE_OCI.20250110T085650.V3_L2_Rrs_L2GEN_MTS.tiff,2025-01-10T08:56:50,E:\Rrs\R3_Indian_Ocean_C4\PACE_OCI.20250110T085650.V3_L2_Rrs_L2GEN_MTS.tiff,Rrs/R3_Indian_Ocean_C4/PACE_OCI.20250110T085650.V3_L2_Rrs_L2GEN_MTS.tiff,<PACE_IMAGE_REPOSITORY_URL>,24.447222222222223,24.447222222222223,2.194707758361148,69.52619900305683,0.6719596160720201,False
72,paceera_agg|67,20250109T11:20:00,2025-01-09T11:20:00,2.193,69.532,matched,matched_to_pace_scene,R3_Indian_Ocean_C4,PACE_OCI.20250110T085650,PACE_OCI.20250110T085650.V3_L2_Rrs_L2GEN_MTS.tiff,2025-01-10T08:56:50,E:\Rrs\R3_Indian_Ocean_C4\PACE_OCI.20250110T085650.V3_L2_Rrs_L2GEN_MTS.tiff,Rrs/R3_Indian_Ocean_C4/PACE_OCI.20250110T085650.V3_L2_Rrs_L2GEN_MTS.tiff,<PACE_IMAGE_REPOSITORY_URL>,21.613888888888887,21.613888888888887,2.194707758361148,69.52619900305683,0.6719596160720201,False
73,paceera_agg|68,20250109T11:20:00,2025-01-09T11:20:00,2.193,69.532,matched,matched_to_pace_scene,R3_Indian_Ocean_C4,PACE_OCI.20250110T085650,PACE_OCI.20250110T085650.V3_L2_Rrs_L2GEN_MTS.tiff,2025-01-10T08:56:50,E:\Rrs\R3_Indian_Ocean_C4\PACE_OCI.20250110T085650.V3_L2_Rrs_L2GEN_MTS.tiff,Rrs/R3_Indian_Ocean_C4/PACE_OCI.20250110T085650.V3_L2_Rrs_L2GEN_MTS.tiff,<PACE_IMAGE_REPOSITORY_URL>,21.613888888888887,21.613888888888887,2.194707758361148,69.52619900305683,0.6719596160720201,False
74,paceera_agg|114,20250110T05:35:00,2025-01-10T05:35:00,0.545,67.04,matched,matched_to_pace_scene,R3_Indian_Ocean_C4,PACE_OCI.20250110T085650,PACE_OCI.20250110T085650.V3_L2_Rrs_L2GEN_MTS.tiff,2025-01-10T08:56:50,E:\Rrs\R3_Indian_Ocean_C4\PACE_OCI.20250110T085650.V3_L2_Rrs_L2GEN_MTS.tiff,Rrs/R3_Indian_Ocean_C4/PACE_OCI.20250110T085650.V3_L2_Rrs_L2GEN_MTS.tiff,<PACE_IMAGE_REPOSITORY_URL>,3.363888888888889,3.363888888888889,0.5475755952161365,67.03401642577656,0.724336706240205,False
75,paceera_agg|115,20250110T05:35:00,2025-01-10T05:35:00,0.545,67.04,matched,matched_to_pace_scene,R3_Indian_Ocean_C4,PACE_OCI.20250110T085650,PACE_OCI.20250110T085650.V3_L2_Rrs_L2GEN_MTS.tiff,2025-01-10T08:56:50,E:\Rrs\R3_Indian_Ocean_C4\PACE_OCI.20250110T085650.V3_L2_Rrs_L2GEN_MTS.tiff,Rrs/R3_Indian_Ocean_C4/PACE_OCI.20250110T085650.V3_L2_Rrs_L2GEN_MTS.tiff,<PACE_IMAGE_REPOSITORY_URL>,3.363888888888889,3.363888888888889,0.5475755952161365,67.03401642577656,0.724336706240205,False
76,paceera_agg|69,20250110T07:35:21,2025-01-10T07:35:21,0.547,67.035,matched,matched_to_pace_scene,R3_Indian_Ocean_C4,PACE_OCI.20250110T085650,PACE_OCI.20250110T085650.V3_L2_Rrs_L2GEN_MTS.tiff,2025-01-10T08:56:50,E:\Rrs\R3_Indian_Ocean_C4\PACE_OCI.20250110T085650.V3_L2_Rrs_L2GEN_MTS.tiff,Rrs/R3_Indian_Ocean_C4/PACE_OCI.20250110T085650.V3_L2_Rrs_L2GEN_MTS.tiff,<PACE_IMAGE_REPOSITORY_URL>,1.3580555555555556,1.3580555555555556,0.5475755952161365,67.03401642577656,0.1267155560827956,False
77,paceera_agg|70,20250110T07:35:21,2025-01-10T07:35:21,0.547,67.035,matched,matched_to_pace_scene,R3_Indian_Ocean_C4,PACE_OCI.20250110T085650,PACE_OCI.20250110T085650.V3_L2_Rrs_L2GEN_MTS.tiff,2025-01-10T08:56:50,E:\Rrs\R3_Indian_Ocean_C4\PACE_OCI.20250110T085650.V3_L2_Rrs_L2GEN_MTS.tiff,Rrs/R3_Indian_Ocean_C4/PACE_OCI.20250110T085650.V3_L2_Rrs_L2GEN_MTS.tiff,<PACE_IMAGE_REPOSITORY_URL>,1.3580555555555556,1.3580555555555556,0.5475755952161365,67.03401642577656,0.1267155560827956,False
78,paceera_agg|71,20250110T07:42:41,2025-01-10T07:42:41,0.547,67.035,matched,matched_to_pace_scene,R3_Indian_Ocean_C4,PACE_OCI.20250110T085650,PACE_OCI.20250110T085650.V3_L2_Rrs_L2GEN_MTS.tiff,2025-01-10T08:56:50,E:\Rrs\R3_Indian_Ocean_C4\PACE_OCI.20250110T085650.V3_L2_Rrs_L2GEN_MTS.tiff,Rrs/R3_Indian_Ocean_C4/PACE_OCI.20250110T085650.V3_L2_Rrs_L2GEN_MTS.tiff,<PACE_IMAGE_REPOSITORY_URL>,1.2358333333333331,1.2358333333333331,0.5475755952161365,67.03401642577656,0.1267155560827956,False
79,paceera_agg|72,20250110T07:42:41,2025-01-10T07:42:41,0.547,67.035,matched,matched_to_pace_scene,R3_Indian_Ocean_C4,PACE_OCI.20250110T085650,PACE_OCI.20250110T085650.V3_L2_Rrs_L2GEN_MTS.tiff,2025-01-10T08:56:50,E:\Rrs\R3_Indian_Ocean_C4\PACE_OCI.20250110T085650.V3_L2_Rrs_L2GEN_MTS.tiff,Rrs/R3_Indian_Ocean_C4/PACE_OCI.20250110T085650.V3_L2_Rrs_L2GEN_MTS.tiff,<PACE_IMAGE_REPOSITORY_URL>,1.2358333333333331,1.2358333333333331,0.5475755952161365,67.03401642577656,0.1267155560827956,False
80,paceera_agg|73,20250110T07:42:41,2025-01-10T07:42:41,0.547,67.035,matched,matched_to_pace_scene,R3_Indian_Ocean_C4,PACE_OCI.20250110T085650,PACE_OCI.20250110T085650.V3_L2_Rrs_L2GEN_MTS.tiff,2025-01-10T08:56:50,E:\Rrs\R3_Indian_Ocean_C4\PACE_OCI.20250110T085650.V3_L2_Rrs_L2GEN_MTS.tiff,Rrs/R3_Indian_Ocean_C4/PACE_OCI.20250110T085650.V3_L2_Rrs_L2GEN_MTS.tiff,<PACE_IMAGE_REPOSITORY_URL>,1.2358333333333331,1.2358333333333331,0.5475755952161365,67.03401642577656,0.1267155560827956,False
81,paceera_agg|74,20250110T07:42:41,2025-01-10T07:42:41,0.547,67.035,matched,matched_to_pace_scene,R3_Indian_Ocean_C4,PACE_OCI.20250110T085650,PACE_OCI.20250110T085650.V3_L2_Rrs_L2GEN_MTS.tiff,2025-01-10T08:56:50,E:\Rrs\R3_Indian_Ocean_C4\PACE_OCI.20250110T085650.V3_L2_Rrs_L2GEN_MTS.tiff,Rrs/R3_Indian_Ocean_C4/PACE_OCI.20250110T085650.V3_L2_Rrs_L2GEN_MTS.tiff,<PACE_IMAGE_REPOSITORY_URL>,1.2358333333333331,1.2358333333333331,0.5475755952161365,67.03401642577656,0.1267155560827956,False
82,paceera_agg|116,20250111T05:32:22,2025-01-11T05:32:22,-1.536,63.871,matched,matched_to_pace_scene,R3_Indian_Ocean_B3,PACE_OCI.20250111T075315,PACE_OCI.20250111T075315.V3_L2_Rrs_L2GEN_MTS.tiff,2025-01-11T07:53:15,E:\Rrs\R3_Indian_Ocean_B3\PACE_OCI.20250111T075315.V3_L2_Rrs_L2GEN_MTS.tiff,Rrs/R3_Indian_Ocean_B3/PACE_OCI.20250111T075315.V3_L2_Rrs_L2GEN_MTS.tiff,<PACE_IMAGE_REPOSITORY_URL>,2.348055555555556,2.348055555555556,-1.5346996198859462,63.8738169987014,0.3448979090100074,False
83,paceera_agg|117,20250111T05:32:22,2025-01-11T05:32:22,-1.536,63.871,matched,matched_to_pace_scene,R3_Indian_Ocean_B3,PACE_OCI.20250111T075315,PACE_OCI.20250111T075315.V3_L2_Rrs_L2GEN_MTS.tiff,2025-01-11T07:53:15,E:\Rrs\R3_Indian_Ocean_B3\PACE_OCI.20250111T075315.V3_L2_Rrs_L2GEN_MTS.tiff,Rrs/R3_Indian_Ocean_B3/PACE_OCI.20250111T075315.V3_L2_Rrs_L2GEN_MTS.tiff,<PACE_IMAGE_REPOSITORY_URL>,2.348055555555556,2.348055555555556,-1.5346996198859462,63.8738169987014,0.3448979090100074,False
84,paceera_agg|75,20250111T05:34:00,2025-01-11T05:34:00,-1.6588,63.685,matched,matched_to_pace_scene,R3_Indian_Ocean_B3,PACE_OCI.20250111T075315,PACE_OCI.20250111T075315.V3_L2_Rrs_L2GEN_MTS.tiff,2025-01-11T07:53:15,E:\Rrs\R3_Indian_Ocean_B3\PACE_OCI.20250111T075315.V3_L2_Rrs_L2GEN_MTS.tiff,Rrs/R3_Indian_Ocean_B3/PACE_OCI.20250111T075315.V3_L2_Rrs_L2GEN_MTS.tiff,<PACE_IMAGE_REPOSITORY_URL>,2.3208333333333333,2.3208333333333333,-1.662353817993842,63.68233570153956,0.4938131780204184,True
85,paceera_agg|76,20250111T05:34:00,2025-01-11T05:34:00,-1.6588,63.685,matched,matched_to_pace_scene,R3_Indian_Ocean_B3,PACE_OCI.20250111T075315,PACE_OCI.20250111T075315.V3_L2_Rrs_L2GEN_MTS.tiff,2025-01-11T07:53:15,E:\Rrs\R3_Indian_Ocean_B3\PACE_OCI.20250111T075315.V3_L2_Rrs_L2GEN_MTS.tiff,Rrs/R3_Indian_Ocean_B3/PACE_OCI.20250111T075315.V3_L2_Rrs_L2GEN_MTS.tiff,<PACE_IMAGE_REPOSITORY_URL>,2.3208333333333333,2.3208333333333333,-1.662353817993842,63.68233570153956,0.4938131780204184,True
86,paceera_agg|77,20250111T05:34:00,2025-01-11T05:34:00,-1.6588,63.685,matched,matched_to_pace_scene,R3_Indian_Ocean_B3,PACE_OCI.20250111T075315,PACE_OCI.20250111T075315.V3_L2_Rrs_L2GEN_MTS.tiff,2025-01-11T07:53:15,E:\Rrs\R3_Indian_Ocean_B3\PACE_OCI.20250111T075315.V3_L2_Rrs_L2GEN_MTS.tiff,Rrs/R3_Indian_Ocean_B3/PACE_OCI.20250111T075315.V3_L2_Rrs_L2GEN_MTS.tiff,<PACE_IMAGE_REPOSITORY_URL>,2.3208333333333333,2.3208333333333333,-1.662353817993842,63.68233570153956,0.4938131780204184,True
87,paceera_agg|78,20250111T05:34:00,2025-01-11T05:34:00,-1.6588,63.685,matched,matched_to_pace_scene,R3_Indian_Ocean_B3,PACE_OCI.20250111T075315,PACE_OCI.20250111T075315.V3_L2_Rrs_L2GEN_MTS.tiff,2025-01-11T07:53:15,E:\Rrs\R3_Indian_Ocean_B3\PACE_OCI.20250111T075315.V3_L2_Rrs_L2GEN_MTS.tiff,Rrs/R3_Indian_Ocean_B3/PACE_OCI.20250111T075315.V3_L2_Rrs_L2GEN_MTS.tiff,<PACE_IMAGE_REPOSITORY_URL>,2.3208333333333333,2.3208333333333333,-1.662353817993842,63.68233570153956,0.4938131780204184,True
88,paceera_agg|79,20250111T07:34:00,2025-01-11T07:34:00,-1.6588,63.685,matched,matched_to_pace_scene,R3_Indian_Ocean_B3,PACE_OCI.20250111T075315,PACE_OCI.20250111T075315.V3_L2_Rrs_L2GEN_MTS.tiff,2025-01-11T07:53:15,E:\Rrs\R3_Indian_Ocean_B3\PACE_OCI.20250111T075315.V3_L2_Rrs_L2GEN_MTS.tiff,Rrs/R3_Indian_Ocean_B3/PACE_OCI.20250111T075315.V3_L2_Rrs_L2GEN_MTS.tiff,<PACE_IMAGE_REPOSITORY_URL>,0.3208333333333333,0.3208333333333333,-1.662353817993842,63.68233570153956,0.4938131780204184,True
89,paceera_agg|80,20250111T07:34:00,2025-01-11T07:34:00,-1.6588,63.685,matched,matched_to_pace_scene,R3_Indian_Ocean_B3,PACE_OCI.20250111T075315,PACE_OCI.20250111T075315.V3_L2_Rrs_L2GEN_MTS.tiff,2025-01-11T07:53:15,E:\Rrs\R3_Indian_Ocean_B3\PACE_OCI.20250111T075315.V3_L2_Rrs_L2GEN_MTS.tiff,Rrs/R3_Indian_Ocean_B3/PACE_OCI.20250111T075315.V3_L2_Rrs_L2GEN_MTS.tiff,<PACE_IMAGE_REPOSITORY_URL>,0.3208333333333333,0.3208333333333333,-1.662353817993842,63.68233570153956,0.4938131780204184,True
90,paceera_agg|118,20250111T07:50:00,2025-01-11T07:50:00,-1.652,63.709,matched,matched_to_pace_scene,R3_Indian_Ocean_B3,PACE_OCI.20250111T075315,PACE_OCI.20250111T075315.V3_L2_Rrs_L2GEN_MTS.tiff,2025-01-11T07:53:15,E:\Rrs\R3_Indian_Ocean_B3\PACE_OCI.20250111T075315.V3_L2_Rrs_L2GEN_MTS.tiff,Rrs/R3_Indian_Ocean_B3/PACE_OCI.20250111T075315.V3_L2_Rrs_L2GEN_MTS.tiff,<PACE_IMAGE_REPOSITORY_URL>,0.0541666666666666,0.0541666666666666,-1.6517159681515172,63.71424925106653,0.5843025224630334,True
91,paceera_agg|119,20250111T07:50:00,2025-01-11T07:50:00,-1.652,63.709,matched,matched_to_pace_scene,R3_Indian_Ocean_B3,PACE_OCI.20250111T075315,PACE_OCI.20250111T075315.V3_L2_Rrs_L2GEN_MTS.tiff,2025-01-11T07:53:15,E:\Rrs\R3_Indian_Ocean_B3\PACE_OCI.20250111T075315.V3_L2_Rrs_L2GEN_MTS.tiff,Rrs/R3_Indian_Ocean_B3/PACE_OCI.20250111T075315.V3_L2_Rrs_L2GEN_MTS.tiff,<PACE_IMAGE_REPOSITORY_URL>,0.0541666666666666,0.0541666666666666,-1.6517159681515172,63.71424925106653,0.5843025224630334,True
92,paceera_agg|120,20250111T10:44:00,2025-01-11T10:44:00,-1.888,63.337,matched,matched_to_pace_scene,R3_Indian_Ocean_B3,PACE_OCI.20250111T075315,PACE_OCI.20250111T075315.V3_L2_Rrs_L2GEN_MTS.tiff,2025-01-11T07:53:15,E:\Rrs\R3_Indian_Ocean_B3\PACE_OCI.20250111T075315.V3_L2_Rrs_L2GEN_MTS.tiff,Rrs/R3_Indian_Ocean_B3/PACE_OCI.20250111T075315.V3_L2_Rrs_L2GEN_MTS.tiff,<PACE_IMAGE_REPOSITORY_URL>,-2.845833333333333,2.845833333333333,-1.8857486646826591,63.34192450658517,0.6018210649803719,False
93,paceera_agg|121,20250111T10:44:00,2025-01-11T10:44:00,-1.888,63.337,matched,matched_to_pace_scene,R3_Indian_Ocean_B3,PACE_OCI.20250111T075315,PACE_OCI.20250111T075315.V3_L2_Rrs_L2GEN_MTS.tiff,2025-01-11T07:53:15,E:\Rrs\R3_Indian_Ocean_B3\PACE_OCI.20250111T075315.V3_L2_Rrs_L2GEN_MTS.tiff,Rrs/R3_Indian_Ocean_B3/PACE_OCI.20250111T075315.V3_L2_Rrs_L2GEN_MTS.tiff,<PACE_IMAGE_REPOSITORY_URL>,-2.845833333333333,2.845833333333333,-1.8857486646826591,63.34192450658517,0.6018210649803719,False
94,paceera_agg|122,20250112T05:42:30,2025-01-12T05:42:30,-3.794,60.439,matched,matched_to_pace_scene,R3_Indian_Ocean_B3,PACE_OCI.20250112T082759,PACE_OCI.20250112T082759.V3_L2_Rrs_L2GEN_MTS.tiff,2025-01-12T08:27:59,E:\Rrs\R3_Indian_Ocean_B3\PACE_OCI.20250112T082759.V3_L2_Rrs_L2GEN_MTS.tiff,Rrs/R3_Indian_Ocean_B3/PACE_OCI.20250112T082759.V3_L2_Rrs_L2GEN_MTS.tiff,<PACE_IMAGE_REPOSITORY_URL>,2.7580555555555555,2.7580555555555555,-3.798439340810315,60.43901477089111,0.4936355780408696,False
95,paceera_agg|123,20250112T05:42:30,2025-01-12T05:42:30,-3.794,60.439,matched,matched_to_pace_scene,R3_Indian_Ocean_B3,PACE_OCI.20250112T082759,PACE_OCI.20250112T082759.V3_L2_Rrs_L2GEN_MTS.tiff,2025-01-12T08:27:59,E:\Rrs\R3_Indian_Ocean_B3\PACE_OCI.20250112T082759.V3_L2_Rrs_L2GEN_MTS.tiff,Rrs/R3_Indian_Ocean_B3/PACE_OCI.20250112T082759.V3_L2_Rrs_L2GEN_MTS.tiff,<PACE_IMAGE_REPOSITORY_URL>,2.7580555555555555,2.7580555555555555,-3.798439340810315,60.43901477089111,0.4936355780408696,False
96,paceera_agg|81,20250112T07:25:04,2025-01-12T07:25:04,-3.911,60.263,matched,matched_to_pace_scene,R3_Indian_Ocean_B3,PACE_OCI.20250112T082759,PACE_OCI.20250112T082759.V3_L2_Rrs_L2GEN_MTS.tiff,2025-01-12T08:27:59,E:\Rrs\R3_Indian_Ocean_B3\PACE_OCI.20250112T082759.V3_L2_Rrs_L2GEN_MTS.tiff,Rrs/R3_Indian_Ocean_B3/PACE_OCI.20250112T082759.V3_L2_Rrs_L2GEN_MTS.tiff,<PACE_IMAGE_REPOSITORY_URL>,1.0486111111111112,1.0486111111111112,-3.914515887652065,60.25845125358171,0.6383431999283565,False
97,paceera_agg|82,20250112T07:25:04,2025-01-12T07:25:04,-3.911,60.263,matched,matched_to_pace_scene,R3_Indian_Ocean_B3,PACE_OCI.20250112T082759,PACE_OCI.20250112T082759.V3_L2_Rrs_L2GEN_MTS.tiff,2025-01-12T08:27:59,E:\Rrs\R3_Indian_Ocean_B3\PACE_OCI.20250112T082759.V3_L2_Rrs_L2GEN_MTS.tiff,Rrs/R3_Indian_Ocean_B3/PACE_OCI.20250112T082759.V3_L2_Rrs_L2GEN_MTS.tiff,<PACE_IMAGE_REPOSITORY_URL>,1.0486111111111112,1.0486111111111112,-3.914515887652065,60.25845125358171,0.6383431999283565,False
98,paceera_agg|83,20250112T07:29:43,2025-01-12T07:29:43,-3.911,60.263,matched,matched_to_pace_scene,R3_Indian_Ocean_B3,PACE_OCI.20250112T082759,PACE_OCI.20250112T082759.V3_L2_Rrs_L2GEN_MTS.tiff,2025-01-12T08:27:59,E:\Rrs\R3_Indian_Ocean_B3\PACE_OCI.20250112T082759.V3_L2_Rrs_L2GEN_MTS.tiff,Rrs/R3_Indian_Ocean_B3/PACE_OCI.20250112T082759.V3_L2_Rrs_L2GEN_MTS.tiff,<PACE_IMAGE_REPOSITORY_URL>,0.9711111111111111,0.9711111111111111,-3.914515887652065,60.25845125358171,0.6383431999283565,False
99,paceera_agg|84,20250112T07:29:43,2025-01-12T07:29:43,-3.911,60.263,matched,matched_to_pace_scene,R3_Indian_Ocean_B3,PACE_OCI.20250112T082759,PACE_OCI.20250112T082759.V3_L2_Rrs_L2GEN_MTS.tiff,2025-01-12T08:27:59,E:\Rrs\R3_Indian_Ocean_B3\PACE_OCI.20250112T082759.V3_L2_Rrs_L2GEN_MTS.tiff,Rrs/R3_Indian_Ocean_B3/PACE_OCI.20250112T082759.V3_L2_Rrs_L2GEN_MTS.tiff,<PACE_IMAGE_REPOSITORY_URL>,0.9711111111111111,0.9711111111111111,-3.914515887652065,60.25845125358171,0.6383431999283565,False
100,paceera_agg|85,20250112T07:29:43,2025-01-12T07:29:43,-3.911,60.263,matched,matched_to_pace_scene,R3_Indian_Ocean_B3,PACE_OCI.20250112T082759,PACE_OCI.20250112T082759.V3_L2_Rrs_L2GEN_MTS.tiff,2025-01-12T08:27:59,E:\Rrs\R3_Indian_Ocean_B3\PACE_OCI.20250112T082759.V3_L2_Rrs_L2GEN_MTS.tiff,Rrs/R3_Indian_Ocean_B3/PACE_OCI.20250112T082759.V3_L2_Rrs_L2GEN_MTS.tiff,<PACE_IMAGE_REPOSITORY_URL>,0.9711111111111111,0.9711111111111111,-3.914515887652065,60.25845125358171,0.6383431999283565,False
101,paceera_agg|86,20250112T07:29:43,2025-01-12T07:29:43,-3.911,60.263,matched,matched_to_pace_scene,R3_Indian_Ocean_B3,PACE_OCI.20250112T082759,PACE_OCI.20250112T082759.V3_L2_Rrs_L2GEN_MTS.tiff,2025-01-12T08:27:59,E:\Rrs\R3_Indian_Ocean_B3\PACE_OCI.20250112T082759.V3_L2_Rrs_L2GEN_MTS.tiff,Rrs/R3_Indian_Ocean_B3/PACE_OCI.20250112T082759.V3_L2_Rrs_L2GEN_MTS.tiff,<PACE_IMAGE_REPOSITORY_URL>,0.9711111111111111,0.9711111111111111,-3.914515887652065,60.25845125358171,0.6383431999283565,False
102,paceera_agg|124,20250112T10:36:00,2025-01-12T10:36:00,-4.144,59.905,matched,matched_to_pace_scene,R3_Indian_Ocean_B3,PACE_OCI.20250112T082759,PACE_OCI.20250112T082759.V3_L2_Rrs_L2GEN_MTS.tiff,2025-01-12T08:27:59,E:\Rrs\R3_Indian_Ocean_B3\PACE_OCI.20250112T082759.V3_L2_Rrs_L2GEN_MTS.tiff,Rrs/R3_Indian_Ocean_B3/PACE_OCI.20250112T082759.V3_L2_Rrs_L2GEN_MTS.tiff,<PACE_IMAGE_REPOSITORY_URL>,-2.133611111111111,2.133611111111111,-4.146668981335564,59.910221613056464,0.6507167412924433,False
103,paceera_agg|125,20250112T10:36:00,2025-01-12T10:36:00,-4.144,59.905,matched,matched_to_pace_scene,R3_Indian_Ocean_B3,PACE_OCI.20250112T082759,PACE_OCI.20250112T082759.V3_L2_Rrs_L2GEN_MTS.tiff,2025-01-12T08:27:59,E:\Rrs\R3_Indian_Ocean_B3\PACE_OCI.20250112T082759.V3_L2_Rrs_L2GEN_MTS.tiff,Rrs/R3_Indian_Ocean_B3/PACE_OCI.20250112T082759.V3_L2_Rrs_L2GEN_MTS.tiff,<PACE_IMAGE_REPOSITORY_URL>,-2.133611111111111,2.133611111111111,-4.146668981335564,59.910221613056464,0.6507167412924433,False
104,paceera_agg|126,20250113T06:20:00,2025-01-13T06:20:00,-6.183,56.799,matched,matched_to_pace_scene,R3_Indian_Ocean_A2,PACE_OCI.20250113T090237,PACE_OCI.20250113T090237.V3_L2_Rrs_L2GEN_MTS.tiff,2025-01-13T09:02:37,E:\Rrs\R3_Indian_Ocean_A2\PACE_OCI.20250113T090237.V3_L2_Rrs_L2GEN_MTS.tiff,Rrs/R3_Indian_Ocean_A2/PACE_OCI.20250113T090237.V3_L2_Rrs_L2GEN_MTS.tiff,<PACE_IMAGE_REPOSITORY_URL>,2.710277777777778,2.710277777777778,-6.182826902557826,56.79656740594147,0.2696070033464894,True
105,paceera_agg|127,20250113T06:20:00,2025-01-13T06:20:00,-6.183,56.799,matched,matched_to_pace_scene,R3_Indian_Ocean_A2,PACE_OCI.20250113T090237,PACE_OCI.20250113T090237.V3_L2_Rrs_L2GEN_MTS.tiff,2025-01-13T09:02:37,E:\Rrs\R3_Indian_Ocean_A2\PACE_OCI.20250113T090237.V3_L2_Rrs_L2GEN_MTS.tiff,Rrs/R3_Indian_Ocean_A2/PACE_OCI.20250113T090237.V3_L2_Rrs_L2GEN_MTS.tiff,<PACE_IMAGE_REPOSITORY_URL>,2.710277777777778,2.710277777777778,-6.182826902557826,56.79656740594147,0.2696070033464894,True
106,paceera_agg|87,20250113T07:56:09,2025-01-13T07:56:09,-6.187,56.799,matched,matched_to_pace_scene,R3_Indian_Ocean_A2,PACE_OCI.20250113T090237,PACE_OCI.20250113T090237.V3_L2_Rrs_L2GEN_MTS.tiff,2025-01-13T09:02:37,E:\Rrs\R3_Indian_Ocean_A2\PACE_OCI.20250113T090237.V3_L2_Rrs_L2GEN_MTS.tiff,Rrs/R3_Indian_Ocean_A2/PACE_OCI.20250113T090237.V3_L2_Rrs_L2GEN_MTS.tiff,<PACE_IMAGE_REPOSITORY_URL>,1.1077777777777778,1.1077777777777778,-6.182826902557826,56.79656740594147,0.5363196959210115,True
107,paceera_agg|88,20250113T07:56:09,2025-01-13T07:56:09,-6.187,56.799,matched,matched_to_pace_scene,R3_Indian_Ocean_A2,PACE_OCI.20250113T090237,PACE_OCI.20250113T090237.V3_L2_Rrs_L2GEN_MTS.tiff,2025-01-13T09:02:37,E:\Rrs\R3_Indian_Ocean_A2\PACE_OCI.20250113T090237.V3_L2_Rrs_L2GEN_MTS.tiff,Rrs/R3_Indian_Ocean_A2/PACE_OCI.20250113T090237.V3_L2_Rrs_L2GEN_MTS.tiff,<PACE_IMAGE_REPOSITORY_URL>,1.1077777777777778,1.1077777777777778,-6.182826902557826,56.79656740594147,0.5363196959210115,True
108,paceera_agg|89,20250113T08:04:19,2025-01-13T08:04:19,-6.187,56.799,matched,matched_to_pace_scene,R3_Indian_Ocean_A2,PACE_OCI.20250113T090237,PACE_OCI.20250113T090237.V3_L2_Rrs_L2GEN_MTS.tiff,2025-01-13T09:02:37,E:\Rrs\R3_Indian_Ocean_A2\PACE_OCI.20250113T090237.V3_L2_Rrs_L2GEN_MTS.tiff,Rrs/R3_Indian_Ocean_A2/PACE_OCI.20250113T090237.V3_L2_Rrs_L2GEN_MTS.tiff,<PACE_IMAGE_REPOSITORY_URL>,0.9716666666666668,0.9716666666666668,-6.182826902557826,56.79656740594147,0.5363196959210115,True
109,paceera_agg|90,20250113T08:04:19,2025-01-13T08:04:19,-6.187,56.799,matched,matched_to_pace_scene,R3_Indian_Ocean_A2,PACE_OCI.20250113T090237,PACE_OCI.20250113T090237.V3_L2_Rrs_L2GEN_MTS.tiff,2025-01-13T09:02:37,E:\Rrs\R3_Indian_Ocean_A2\PACE_OCI.20250113T090237.V3_L2_Rrs_L2GEN_MTS.tiff,Rrs/R3_Indian_Ocean_A2/PACE_OCI.20250113T090237.V3_L2_Rrs_L2GEN_MTS.tiff,<PACE_IMAGE_REPOSITORY_URL>,0.9716666666666668,0.9716666666666668,-6.182826902557826,56.79656740594147,0.5363196959210115,True
110,paceera_agg|91,20250113T08:04:19,2025-01-13T08:04:19,-6.187,56.799,matched,matched_to_pace_scene,R3_Indian_Ocean_A2,PACE_OCI.20250113T090237,PACE_OCI.20250113T090237.V3_L2_Rrs_L2GEN_MTS.tiff,2025-01-13T09:02:37,E:\Rrs\R3_Indian_Ocean_A2\PACE_OCI.20250113T090237.V3_L2_Rrs_L2GEN_MTS.tiff,Rrs/R3_Indian_Ocean_A2/PACE_OCI.20250113T090237.V3_L2_Rrs_L2GEN_MTS.tiff,<PACE_IMAGE_REPOSITORY_URL>,0.9716666666666668,0.9716666666666668,-6.182826902557826,56.79656740594147,0.5363196959210115,True
111,paceera_agg|92,20250113T08:04:19,2025-01-13T08:04:19,-6.187,56.799,matched,matched_to_pace_scene,R3_Indian_Ocean_A2,PACE_OCI.20250113T090237,PACE_OCI.20250113T090237.V3_L2_Rrs_L2GEN_MTS.tiff,2025-01-13T09:02:37,E:\Rrs\R3_Indian_Ocean_A2\PACE_OCI.20250113T090237.V3_L2_Rrs_L2GEN_MTS.tiff,Rrs/R3_Indian_Ocean_A2/PACE_OCI.20250113T090237.V3_L2_Rrs_L2GEN_MTS.tiff,<PACE_IMAGE_REPOSITORY_URL>,0.9716666666666668,0.9716666666666668,-6.182826902557826,56.79656740594147,0.5363196959210115,True
112,paceera_agg|128,20250113T11:34:00,2025-01-13T11:34:00,-6.398,56.483,matched,matched_to_pace_scene,R3_Indian_Ocean_A2,PACE_OCI.20250113T090237,PACE_OCI.20250113T090237.V3_L2_Rrs_L2GEN_MTS.tiff,2025-01-13T09:02:37,E:\Rrs\R3_Indian_Ocean_A2\PACE_OCI.20250113T090237.V3_L2_Rrs_L2GEN_MTS.tiff,Rrs/R3_Indian_Ocean_A2/PACE_OCI.20250113T090237.V3_L2_Rrs_L2GEN_MTS.tiff,<PACE_IMAGE_REPOSITORY_URL>,-2.523055555555556,2.523055555555556,-6.3983465552555945,56.47895949670265,0.4481455722853384,False
113,paceera_agg|129,20250113T11:34:00,2025-01-13T11:34:00,-6.398,56.483,matched,matched_to_pace_scene,R3_Indian_Ocean_A2,PACE_OCI.20250113T090237,PACE_OCI.20250113T090237.V3_L2_Rrs_L2GEN_MTS.tiff,2025-01-13T09:02:37,E:\Rrs\R3_Indian_Ocean_A2\PACE_OCI.20250113T090237.V3_L2_Rrs_L2GEN_MTS.tiff,Rrs/R3_Indian_Ocean_A2/PACE_OCI.20250113T090237.V3_L2_Rrs_L2GEN_MTS.tiff,<PACE_IMAGE_REPOSITORY_URL>,-2.523055555555556,2.523055555555556,-6.3983465552555945,56.47895949670265,0.4481455722853384,False
114,paceera_agg|104,20250114T06:21:00,2025-01-14T06:21:00,-7.64,53.655,matched,matched_to_pace_scene,R3_Indian_Ocean_A1,PACE_OCI.20250114T093720,PACE_OCI.20250114T093720.V3_L2_Rrs_L2GEN_MTS.tiff,2025-01-14T09:37:20,E:\Rrs\R3_Indian_Ocean_A1\PACE_OCI.20250114T093720.V3_L2_Rrs_L2GEN_MTS.tiff,Rrs/R3_Indian_Ocean_A1/PACE_OCI.20250114T093720.V3_L2_Rrs_L2GEN_MTS.tiff,<PACE_IMAGE_REPOSITORY_URL>,3.272222222222222,3.272222222222222,-7.642809279364729,53.65987124103443,0.621116550884685,True
115,paceera_agg|105,20250114T06:21:00,2025-01-14T06:21:00,-7.64,53.655,matched,matched_to_pace_scene,R3_Indian_Ocean_A1,PACE_OCI.20250114T093720,PACE_OCI.20250114T093720.V3_L2_Rrs_L2GEN_MTS.tiff,2025-01-14T09:37:20,E:\Rrs\R3_Indian_Ocean_A1\PACE_OCI.20250114T093720.V3_L2_Rrs_L2GEN_MTS.tiff,Rrs/R3_Indian_Ocean_A1/PACE_OCI.20250114T093720.V3_L2_Rrs_L2GEN_MTS.tiff,<PACE_IMAGE_REPOSITORY_URL>,3.272222222222222,3.272222222222222,-7.642809279364729,53.65987124103443,0.621116550884685,True
116,paceera_agg|93,20250114T07:38:55,2025-01-14T07:38:55,-7.64,53.655,matched,matched_to_pace_scene,R3_Indian_Ocean_A1,PACE_OCI.20250114T093720,PACE_OCI.20250114T093720.V3_L2_Rrs_L2GEN_MTS.tiff,2025-01-14T09:37:20,E:\Rrs\R3_Indian_Ocean_A1\PACE_OCI.20250114T093720.V3_L2_Rrs_L2GEN_MTS.tiff,Rrs/R3_Indian_Ocean_A1/PACE_OCI.20250114T093720.V3_L2_Rrs_L2GEN_MTS.tiff,<PACE_IMAGE_REPOSITORY_URL>,1.9736111111111112,1.9736111111111112,-7.642809279364729,53.65987124103443,0.621116550884685,True
117,paceera_agg|94,20250114T07:38:55,2025-01-14T07:38:55,-7.64,53.655,matched,matched_to_pace_scene,R3_Indian_Ocean_A1,PACE_OCI.20250114T093720,PACE_OCI.20250114T093720.V3_L2_Rrs_L2GEN_MTS.tiff,2025-01-14T09:37:20,E:\Rrs\R3_Indian_Ocean_A1\PACE_OCI.20250114T093720.V3_L2_Rrs_L2GEN_MTS.tiff,Rrs/R3_Indian_Ocean_A1/PACE_OCI.20250114T093720.V3_L2_Rrs_L2GEN_MTS.tiff,<PACE_IMAGE_REPOSITORY_URL>,1.9736111111111112,1.9736111111111112,-7.642809279364729,53.65987124103443,0.621116550884685,True
118,paceera_agg|95,20250114T07:47:09,2025-01-14T07:47:09,-7.64,53.655,matched,matched_to_pace_scene,R3_Indian_Ocean_A1,PACE_OCI.20250114T093720,PACE_OCI.20250114T093720.V3_L2_Rrs_L2GEN_MTS.tiff,2025-01-14T09:37:20,E:\Rrs\R3_Indian_Ocean_A1\PACE_OCI.20250114T093720.V3_L2_Rrs_L2GEN_MTS.tiff,Rrs/R3_Indian_Ocean_A1/PACE_OCI.20250114T093720.V3_L2_Rrs_L2GEN_MTS.tiff,<PACE_IMAGE_REPOSITORY_URL>,1.8363888888888888,1.8363888888888888,-7.642809279364729,53.65987124103443,0.621116550884685,True
119,paceera_agg|96,20250114T07:47:09,2025-01-14T07:47:09,-7.64,53.655,matched,matched_to_pace_scene,R3_Indian_Ocean_A1,PACE_OCI.20250114T093720,PACE_OCI.20250114T093720.V3_L2_Rrs_L2GEN_MTS.tiff,2025-01-14T09:37:20,E:\Rrs\R3_Indian_Ocean_A1\PACE_OCI.20250114T093720.V3_L2_Rrs_L2GEN_MTS.tiff,Rrs/R3_Indian_Ocean_A1/PACE_OCI.20250114T093720.V3_L2_Rrs_L2GEN_MTS.tiff,<PACE_IMAGE_REPOSITORY_URL>,1.8363888888888888,1.8363888888888888,-7.642809279364729,53.65987124103443,0.621116550884685,True
120,paceera_agg|97,20250114T07:47:09,2025-01-14T07:47:09,-7.64,53.655,matched,matched_to_pace_scene,R3_Indian_Ocean_A1,PACE_OCI.20250114T093720,PACE_OCI.20250114T093720.V3_L2_Rrs_L2GEN_MTS.tiff,2025-01-14T09:37:20,E:\Rrs\R3_Indian_Ocean_A1\PACE_OCI.20250114T093720.V3_L2_Rrs_L2GEN_MTS.tiff,Rrs/R3_Indian_Ocean_A1/PACE_OCI.20250114T093720.V3_L2_Rrs_L2GEN_MTS.tiff,<PACE_IMAGE_REPOSITORY_URL>,1.8363888888888888,1.8363888888888888,-7.642809279364729,53.65987124103443,0.621116550884685,True
121,paceera_agg|106,20250114T11:37:00,2025-01-14T11:37:00,-7.803,53.278,matched,matched_to_pace_scene,R3_Indian_Ocean_A1,PACE_OCI.20250114T093720,PACE_OCI.20250114T093720.V3_L2_Rrs_L2GEN_MTS.tiff,2025-01-14T09:37:20,E:\Rrs\R3_Indian_Ocean_A1\PACE_OCI.20250114T093720.V3_L2_Rrs_L2GEN_MTS.tiff,Rrs/R3_Indian_Ocean_A1/PACE_OCI.20250114T093720.V3_L2_Rrs_L2GEN_MTS.tiff,<PACE_IMAGE_REPOSITORY_URL>,-1.9944444444444445,1.9944444444444445,-7.807904985159979,53.27464792751218,0.6586656495196879,True
122,paceera_agg|107,20250114T11:37:00,2025-01-14T11:37:00,-7.803,53.278,matched,matched_to_pace_scene,R3_Indian_Ocean_A1,PACE_OCI.20250114T093720,PACE_OCI.20250114T093720.V3_L2_Rrs_L2GEN_MTS.tiff,2025-01-14T09:37:20,E:\Rrs\R3_Indian_Ocean_A1\PACE_OCI.20250114T093720.V3_L2_Rrs_L2GEN_MTS.tiff,Rrs/R3_Indian_Ocean_A1/PACE_OCI.20250114T093720.V3_L2_Rrs_L2GEN_MTS.tiff,<PACE_IMAGE_REPOSITORY_URL>,-1.9944444444444445,1.9944444444444445,-7.807904985159979,53.27464792751218,0.6586656495196879,True
123,paceera_agg|108,20250115T06:03:00,2025-01-15T06:03:00,-9.163,49.998,matched,matched_to_pace_scene,R3_Indian_Ocean_A1,PACE_OCI.20250115T101203,PACE_OCI.20250115T101203.V3_L2_Rrs_L2GEN_MTS.tiff,2025-01-15T10:12:03,E:\Rrs\R3_Indian_Ocean_A1\PACE_OCI.20250115T101203.V3_L2_Rrs_L2GEN_MTS.tiff,Rrs/R3_Indian_Ocean_A1/PACE_OCI.20250115T101203.V3_L2_Rrs_L2GEN_MTS.tiff,<PACE_IMAGE_REPOSITORY_URL>,4.150833333333333,4.150833333333333,-9.156792205894668,50.00290596288962,0.8755173818160304,False
124,paceera_agg|109,20250115T06:03:00,2025-01-15T06:03:00,-9.163,49.998,matched,matched_to_pace_scene,R3_Indian_Ocean_A1,PACE_OCI.20250115T101203,PACE_OCI.20250115T101203.V3_L2_Rrs_L2GEN_MTS.tiff,2025-01-15T10:12:03,E:\Rrs\R3_Indian_Ocean_A1\PACE_OCI.20250115T101203.V3_L2_Rrs_L2GEN_MTS.tiff,Rrs/R3_Indian_Ocean_A1/PACE_OCI.20250115T101203.V3_L2_Rrs_L2GEN_MTS.tiff,<PACE_IMAGE_REPOSITORY_URL>,4.150833333333333,4.150833333333333,-9.156792205894668,50.00290596288962,0.8755173818160304,False
125,paceera_agg|100,20250115T08:25:00,2025-01-15T08:25:00,-9.163,49.998,matched,matched_to_pace_scene,R3_Indian_Ocean_A1,PACE_OCI.20250115T101203,PACE_OCI.20250115T101203.V3_L2_Rrs_L2GEN_MTS.tiff,2025-01-15T10:12:03,E:\Rrs\R3_Indian_Ocean_A1\PACE_OCI.20250115T101203.V3_L2_Rrs_L2GEN_MTS.tiff,Rrs/R3_Indian_Ocean_A1/PACE_OCI.20250115T101203.V3_L2_Rrs_L2GEN_MTS.tiff,<PACE_IMAGE_REPOSITORY_URL>,1.784166666666667,1.784166666666667,-9.156792205894668,50.00290596288962,0.8755173818160304,False
126,paceera_agg|101,20250115T08:25:00,2025-01-15T08:25:00,-9.163,49.998,matched,matched_to_pace_scene,R3_Indian_Ocean_A1,PACE_OCI.20250115T101203,PACE_OCI.20250115T101203.V3_L2_Rrs_L2GEN_MTS.tiff,2025-01-15T10:12:03,E:\Rrs\R3_Indian_Ocean_A1\PACE_OCI.20250115T101203.V3_L2_Rrs_L2GEN_MTS.tiff,Rrs/R3_Indian_Ocean_A1/PACE_OCI.20250115T101203.V3_L2_Rrs_L2GEN_MTS.tiff,<PACE_IMAGE_REPOSITORY_URL>,1.784166666666667,1.784166666666667,-9.156792205894668,50.00290596288962,0.8755173818160304,False
127,paceera_agg|102,20250115T08:25:00,2025-01-15T08:25:00,-9.163,49.998,matched,matched_to_pace_scene,R3_Indian_Ocean_A1,PACE_OCI.20250115T101203,PACE_OCI.20250115T101203.V3_L2_Rrs_L2GEN_MTS.tiff,2025-01-15T10:12:03,E:\Rrs\R3_Indian_Ocean_A1\PACE_OCI.20250115T101203.V3_L2_Rrs_L2GEN_MTS.tiff,Rrs/R3_Indian_Ocean_A1/PACE_OCI.20250115T101203.V3_L2_Rrs_L2GEN_MTS.tiff,<PACE_IMAGE_REPOSITORY_URL>,1.784166666666667,1.784166666666667,-9.156792205894668,50.00290596288962,0.8755173818160304,False
128,paceera_agg|103,20250115T08:25:00,2025-01-15T08:25:00,-9.163,49.998,matched,matched_to_pace_scene,R3_Indian_Ocean_A1,PACE_OCI.20250115T101203,PACE_OCI.20250115T101203.V3_L2_Rrs_L2GEN_MTS.tiff,2025-01-15T10:12:03,E:\Rrs\R3_Indian_Ocean_A1\PACE_OCI.20250115T101203.V3_L2_Rrs_L2GEN_MTS.tiff,Rrs/R3_Indian_Ocean_A1/PACE_OCI.20250115T101203.V3_L2_Rrs_L2GEN_MTS.tiff,<PACE_IMAGE_REPOSITORY_URL>,1.784166666666667,1.784166666666667,-9.156792205894668,50.00290596288962,0.8755173818160304,False
129,paceera_agg|98,20250115T08:25:00,2025-01-15T08:25:00,-9.163,49.998,matched,matched_to_pace_scene,R3_Indian_Ocean_A1,PACE_OCI.20250115T101203,PACE_OCI.20250115T101203.V3_L2_Rrs_L2GEN_MTS.tiff,2025-01-15T10:12:03,E:\Rrs\R3_Indian_Ocean_A1\PACE_OCI.20250115T101203.V3_L2_Rrs_L2GEN_MTS.tiff,Rrs/R3_Indian_Ocean_A1/PACE_OCI.20250115T101203.V3_L2_Rrs_L2GEN_MTS.tiff,<PACE_IMAGE_REPOSITORY_URL>,1.784166666666667,1.784166666666667,-9.156792205894668,50.00290596288962,0.8755173818160304,False
130,paceera_agg|99,20250115T08:25:00,2025-01-15T08:25:00,-9.163,49.998,matched,matched_to_pace_scene,R3_Indian_Ocean_A1,PACE_OCI.20250115T101203,PACE_OCI.20250115T101203.V3_L2_Rrs_L2GEN_MTS.tiff,2025-01-15T10:12:03,E:\Rrs\R3_Indian_Ocean_A1\PACE_OCI.20250115T101203.V3_L2_Rrs_L2GEN_MTS.tiff,Rrs/R3_Indian_Ocean_A1/PACE_OCI.20250115T101203.V3_L2_Rrs_L2GEN_MTS.tiff,<PACE_IMAGE_REPOSITORY_URL>,1.784166666666667,1.784166666666667,-9.156792205894668,50.00290596288962,0.8755173818160304,False
131,paceera_agg|110,20250115T11:33:00,2025-01-15T11:33:00,-9.557,49.514,matched,matched_to_pace_scene,R3_Indian_Ocean_A1,PACE_OCI.20250115T101203,PACE_OCI.20250115T101203.V3_L2_Rrs_L2GEN_MTS.tiff,2025-01-15T10:12:03,E:\Rrs\R3_Indian_Ocean_A1\PACE_OCI.20250115T101203.V3_L2_Rrs_L2GEN_MTS.tiff,Rrs/R3_Indian_Ocean_A1/PACE_OCI.20250115T101203.V3_L2_Rrs_L2GEN_MTS.tiff,<PACE_IMAGE_REPOSITORY_URL>,-1.3491666666666666,1.3491666666666666,-9.557060374539034,49.51368931232428,0.0347226265981735,False
132,paceera_agg|111,20250115T11:33:00,2025-01-15T11:33:00,-9.557,49.514,matched,matched_to_pace_scene,R3_Indian_Ocean_A1,PACE_OCI.20250115T101203,PACE_OCI.20250115T101203.V3_L2_Rrs_L2GEN_MTS.tiff,2025-01-15T10:12:03,E:\Rrs\R3_Indian_Ocean_A1\PACE_OCI.20250115T101203.V3_L2_Rrs_L2GEN_MTS.tiff,Rrs/R3_Indian_Ocean_A1/PACE_OCI.20250115T101203.V3_L2_Rrs_L2GEN_MTS.tiff,<PACE_IMAGE_REPOSITORY_URL>,-1.3491666666666666,1.3491666666666666,-9.557060374539034,49.51368931232428,0.0347226265981735,False
133,paceera_agg|5,20250116T20:05:00,2025-01-16T20:05:00,34.2828,-119.5658,unmatched,no_matching_pace_scene,,,,,,,,,,,,,
134,paceera_agg|6,20250116T20:29:00,2025-01-16T20:29:00,34.2987,-119.54699999999998,unmatched,no_matching_pace_scene,,,,,,,,,,,,,
135,paceera_agg|7,20250116T21:15:00,2025-01-16T21:15:00,34.3561,-119.614,unmatched,no_matching_pace_scene,,,,,,,,,,,,,
136,paceera_agg|8,20250124T19:40:00,2025-01-24T19:40:00,34.2977,-119.8196,unmatched,no_matching_pace_scene,,,,,,,,,,,,,
137,paceera_agg|171,20250403T17:45:00,2025-04-03T17:45:00,17.2042,-24.7331,matched,matched_to_pace_scene,R4_East_Atlantic_A1,PACE_OCI.20250403T150629,PACE_OCI.20250403T150629.V3_L2_Rrs_L2GEN_MTS.tiff,2025-04-03T15:06:29,E:\Rrs\R4_East_Atlantic_A1\PACE_OCI.20250403T150629.V3_L2_Rrs_L2GEN_MTS.tiff,Rrs/R4_East_Atlantic_A1/PACE_OCI.20250403T150629.V3_L2_Rrs_L2GEN_MTS.tiff,<PACE_IMAGE_REPOSITORY_URL>,-2.6419444444444444,2.6419444444444444,17.199843042401277,-24.73818261898533,0.7253862634649418,False
138,paceera_agg|172,20250403T17:45:00,2025-04-03T17:45:00,17.2042,-24.7331,matched,matched_to_pace_scene,R4_East_Atlantic_A1,PACE_OCI.20250403T150629,PACE_OCI.20250403T150629.V3_L2_Rrs_L2GEN_MTS.tiff,2025-04-03T15:06:29,E:\Rrs\R4_East_Atlantic_A1\PACE_OCI.20250403T150629.V3_L2_Rrs_L2GEN_MTS.tiff,Rrs/R4_East_Atlantic_A1/PACE_OCI.20250403T150629.V3_L2_Rrs_L2GEN_MTS.tiff,<PACE_IMAGE_REPOSITORY_URL>,-2.6419444444444444,2.6419444444444444,17.199843042401277,-24.73818261898533,0.7253862634649418,False
139,paceera_agg|173,20250403T20:45:00,2025-04-03T20:45:00,17.6169,-24.2051,matched,matched_to_pace_scene,R4_East_Atlantic_A1,PACE_OCI.20250403T150629,PACE_OCI.20250403T150629.V3_L2_Rrs_L2GEN_MTS.tiff,2025-04-03T15:06:29,E:\Rrs\R4_East_Atlantic_A1\PACE_OCI.20250403T150629.V3_L2_Rrs_L2GEN_MTS.tiff,Rrs/R4_East_Atlantic_A1/PACE_OCI.20250403T150629.V3_L2_Rrs_L2GEN_MTS.tiff,<PACE_IMAGE_REPOSITORY_URL>,-5.641944444444444,5.641944444444444,17.62049145430001,-24.206186098054584,0.4156091054961635,False
140,paceera_agg|174,20250403T20:45:00,2025-04-03T20:45:00,17.6169,-24.2051,matched,matched_to_pace_scene,R4_East_Atlantic_A1,PACE_OCI.20250403T150629,PACE_OCI.20250403T150629.V3_L2_Rrs_L2GEN_MTS.tiff,2025-04-03T15:06:29,E:\Rrs\R4_East_Atlantic_A1\PACE_OCI.20250403T150629.V3_L2_Rrs_L2GEN_MTS.tiff,Rrs/R4_East_Atlantic_A1/PACE_OCI.20250403T150629.V3_L2_Rrs_L2GEN_MTS.tiff,<PACE_IMAGE_REPOSITORY_URL>,-5.641944444444444,5.641944444444444,17.62049145430001,-24.206186098054584,0.4156091054961635,False
141,paceera_agg|175,20250403T22:45:00,2025-04-03T22:45:00,17.8479,-23.9095,matched,matched_to_pace_scene,R4_East_Atlantic_A1,PACE_OCI.20250403T150629,PACE_OCI.20250403T150629.V3_L2_Rrs_L2GEN_MTS.tiff,2025-04-03T15:06:29,E:\Rrs\R4_East_Atlantic_A1\PACE_OCI.20250403T150629.V3_L2_Rrs_L2GEN_MTS.tiff,Rrs/R4_East_Atlantic_A1/PACE_OCI.20250403T150629.V3_L2_Rrs_L2GEN_MTS.tiff,<PACE_IMAGE_REPOSITORY_URL>,-7.641944444444444,7.641944444444444,17.843187672364046,-23.909257807302534,0.5246143392196131,False
142,paceera_agg|176,20250403T22:45:00,2025-04-03T22:45:00,17.8479,-23.9095,matched,matched_to_pace_scene,R4_East_Atlantic_A1,PACE_OCI.20250403T150629,PACE_OCI.20250403T150629.V3_L2_Rrs_L2GEN_MTS.tiff,2025-04-03T15:06:29,E:\Rrs\R4_East_Atlantic_A1\PACE_OCI.20250403T150629.V3_L2_Rrs_L2GEN_MTS.tiff,Rrs/R4_East_Atlantic_A1/PACE_OCI.20250403T150629.V3_L2_Rrs_L2GEN_MTS.tiff,<PACE_IMAGE_REPOSITORY_URL>,-7.641944444444444,7.641944444444444,17.843187672364046,-23.909257807302534,0.5246143392196131,False
143,paceera_agg|177,20250404T11:30:00,2025-04-04T11:30:00,19.4411,-21.8579,matched,matched_to_pace_scene,R4_East_Atlantic_A2,PACE_OCI.20250404T140333,PACE_OCI.20250404T140333.V3_L2_Rrs_L2GEN_MTS.tiff,2025-04-04T14:03:33,E:\Rrs\R4_East_Atlantic_A2\PACE_OCI.20250404T140333.V3_L2_Rrs_L2GEN_MTS.tiff,Rrs/R4_East_Atlantic_A2/PACE_OCI.20250404T140333.V3_L2_Rrs_L2GEN_MTS.tiff,<PACE_IMAGE_REPOSITORY_URL>,2.5591666666666666,2.5591666666666666,19.441603537117917,-21.856151713226662,0.1916767518508103,False
144,paceera_agg|178,20250404T11:30:00,2025-04-04T11:30:00,19.4411,-21.8579,matched,matched_to_pace_scene,R4_East_Atlantic_A2,PACE_OCI.20250404T140333,PACE_OCI.20250404T140333.V3_L2_Rrs_L2GEN_MTS.tiff,2025-04-04T14:03:33,E:\Rrs\R4_East_Atlantic_A2\PACE_OCI.20250404T140333.V3_L2_Rrs_L2GEN_MTS.tiff,Rrs/R4_East_Atlantic_A2/PACE_OCI.20250404T140333.V3_L2_Rrs_L2GEN_MTS.tiff,<PACE_IMAGE_REPOSITORY_URL>,2.5591666666666666,2.5591666666666666,19.441603537117917,-21.856151713226662,0.1916767518508103,False
145,paceera_agg|179,20250404T14:30:00,2025-04-04T14:30:00,19.784,-21.414,matched,matched_to_pace_scene,R4_East_Atlantic_A2,PACE_OCI.20250404T140333,PACE_OCI.20250404T140333.V3_L2_Rrs_L2GEN_MTS.tiff,2025-04-04T14:03:33,E:\Rrs\R4_East_Atlantic_A2\PACE_OCI.20250404T140333.V3_L2_Rrs_L2GEN_MTS.tiff,Rrs/R4_East_Atlantic_A2/PACE_OCI.20250404T140333.V3_L2_Rrs_L2GEN_MTS.tiff,<PACE_IMAGE_REPOSITORY_URL>,-0.4408333333333333,0.4408333333333333,19.7834877625951,-21.41170222010632,0.2470761915902566,False
146,paceera_agg|180,20250404T14:30:00,2025-04-04T14:30:00,19.784,-21.414,matched,matched_to_pace_scene,R4_East_Atlantic_A2,PACE_OCI.20250404T140333,PACE_OCI.20250404T140333.V3_L2_Rrs_L2GEN_MTS.tiff,2025-04-04T14:03:33,E:\Rrs\R4_East_Atlantic_A2\PACE_OCI.20250404T140333.V3_L2_Rrs_L2GEN_MTS.tiff,Rrs/R4_East_Atlantic_A2/PACE_OCI.20250404T140333.V3_L2_Rrs_L2GEN_MTS.tiff,<PACE_IMAGE_REPOSITORY_URL>,-0.4408333333333333,0.4408333333333333,19.7834877625951,-21.41170222010632,0.2470761915902566,False
147,paceera_agg|181,20250404T17:30:00,2025-04-04T17:30:00,20.1846,-20.9967,unmatched,no_matching_pace_scene,,,,,,,,,,,,,
148,paceera_agg|182,20250404T17:30:00,2025-04-04T17:30:00,20.1846,-20.9967,unmatched,no_matching_pace_scene,,,,,,,,,,,,,
149,paceera_agg|183,20250404T20:30:00,2025-04-04T20:30:00,20.7499,-20.9576,unmatched,no_matching_pace_scene,,,,,,,,,,,,,
150,paceera_agg|184,20250404T20:30:00,2025-04-04T20:30:00,20.7499,-20.9576,unmatched,no_matching_pace_scene,,,,,,,,,,,,,
151,paceera_agg|185,20250405T10:30:00,2025-04-05T10:30:00,23.4795,-20.7659,unmatched,no_matching_pace_scene,,,,,,,,,,,,,
152,paceera_agg|186,20250405T10:30:00,2025-04-05T10:30:00,23.4795,-20.7659,unmatched,no_matching_pace_scene,,,,,,,,,,,,,
153,paceera_agg|165,20250405T13:30:00,2025-04-05T13:30:00,24.0594,-20.7251,unmatched,no_matching_pace_scene,,,,,,,,,,,,,
154,paceera_agg|166,20250405T13:30:00,2025-04-05T13:30:00,24.0594,-20.7251,unmatched,no_matching_pace_scene,,,,,,,,,,,,,
155,paceera_agg|167,20250405T15:30:00,2025-04-05T15:30:00,24.4287,-20.6987,unmatched,no_matching_pace_scene,,,,,,,,,,,,,
156,paceera_agg|168,20250405T15:30:00,2025-04-05T15:30:00,24.4287,-20.6987,unmatched,no_matching_pace_scene,,,,,,,,,,,,,
157,paceera_agg|169,20250405T18:30:00,2025-04-05T18:30:00,24.7587,-20.0825,unmatched,no_matching_pace_scene,,,,,,,,,,,,,
158,paceera_agg|170,20250405T18:30:00,2025-04-05T18:30:00,24.7587,-20.0825,unmatched,no_matching_pace_scene,,,,,,,,,,,,,
159,paceera_agg|27,20250430T21:52:00,2025-04-30T21:52:00,48.65,-126.66726666666666,matched,matched_to_pace_scene,R2_NEPacific_BC_1,PACE_OCI.20250430T211634,PACE_OCI.20250430T211634.V3_L2_Rrs_L2GEN_MTS.tiff,2025-04-30T21:16:34,E:\Rrs\R2_NEPacific_BC_1\PACE_OCI.20250430T211634.V3_L2_Rrs_L2GEN_MTS.tiff,Rrs/R2_NEPacific_BC_1/PACE_OCI.20250430T211634.V3_L2_Rrs_L2GEN_MTS.tiff,<PACE_IMAGE_REPOSITORY_URL>,-0.5905555555555555,0.5905555555555555,48.640259365916286,-126.65898208260708,1.2424148712489054,True
160,paceera_agg|28,20250501T12:07:00,2025-05-01T12:07:00,48.74358333333333,-127.66623333333334,matched,matched_to_pace_scene,R2_NEPacific_BC,PACE_OCI.20250501T215153,PACE_OCI.20250501T215153.V3_L2_Rrs_L2GEN_MTS.tiff,2025-05-01T21:51:53,E:\Rrs\R2_NEPacific_BC\PACE_OCI.20250501T215153.V3_L2_Rrs_L2GEN_MTS.tiff,Rrs/R2_NEPacific_BC/PACE_OCI.20250501T215153.V3_L2_Rrs_L2GEN_MTS.tiff,<PACE_IMAGE_REPOSITORY_URL>,9.748055555555556,9.748055555555556,48.754040414938224,-127.66347259406156,1.1802619942906467,False
161,paceera_agg|13,20250501T21:24:00,2025-05-01T21:24:00,48.81568333333333,-128.66595,matched,matched_to_pace_scene,R2_NEPacific_BC,PACE_OCI.20250501T215153,PACE_OCI.20250501T215153.V3_L2_Rrs_L2GEN_MTS.tiff,2025-05-01T21:51:53,E:\Rrs\R2_NEPacific_BC\PACE_OCI.20250501T215153.V3_L2_Rrs_L2GEN_MTS.tiff,Rrs/R2_NEPacific_BC/PACE_OCI.20250501T215153.V3_L2_Rrs_L2GEN_MTS.tiff,<PACE_IMAGE_REPOSITORY_URL>,0.4647222222222222,0.4647222222222222,48.82063065331181,-128.66232616966545,0.6107588368748641,False
162,paceera_agg|15,20250502T12:39:00,2025-05-02T12:39:00,48.97128333333333,-130.66636666666668,matched,matched_to_pace_scene,R2_NEPacific_BC,PACE_OCI.20250501T215153,PACE_OCI.20250501T215153.V3_L2_Rrs_L2GEN_MTS.tiff,2025-05-01T21:51:53,E:\Rrs\R2_NEPacific_BC\PACE_OCI.20250501T215153.V3_L2_Rrs_L2GEN_MTS.tiff,Rrs/R2_NEPacific_BC/PACE_OCI.20250501T215153.V3_L2_Rrs_L2GEN_MTS.tiff,<PACE_IMAGE_REPOSITORY_URL>,-14.785277777777775,14.785277777777775,48.97600787618352,-130.66003332087317,0.6997696995193547,False
163,paceera_agg|14,20250502T21:52:00,2025-05-02T21:52:00,48.873383333333344,-130.34988333333334,matched,matched_to_pace_scene,R2_NEPacific_BC,PACE_OCI.20250501T215153,PACE_OCI.20250501T215153.V3_L2_Rrs_L2GEN_MTS.tiff,2025-05-01T21:51:53,E:\Rrs\R2_NEPacific_BC\PACE_OCI.20250501T215153.V3_L2_Rrs_L2GEN_MTS.tiff,Rrs/R2_NEPacific_BC/PACE_OCI.20250501T215153.V3_L2_Rrs_L2GEN_MTS.tiff,<PACE_IMAGE_REPOSITORY_URL>,-24.001944444444444,24.001944444444444,48.86502414556088,-130.34927887512976,0.9305514037560682,False
164,paceera_agg|16,20250503T12:21:00,2025-05-03T12:21:00,49.0908,-132.2386,matched,matched_to_pace_scene,R2_NEPacific_BC,PACE_OCI.20250501T215153,PACE_OCI.20250501T215153.V3_L2_Rrs_L2GEN_MTS.tiff,2025-05-01T21:51:53,E:\Rrs\R2_NEPacific_BC\PACE_OCI.20250501T215153.V3_L2_Rrs_L2GEN_MTS.tiff,Rrs/R2_NEPacific_BC/PACE_OCI.20250501T215153.V3_L2_Rrs_L2GEN_MTS.tiff,<PACE_IMAGE_REPOSITORY_URL>,-38.485277777777775,38.485277777777775,49.08699160680618,-132.23600229571483,0.4638041585059423,False
165,paceera_agg|17,20250503T20:29:00,2025-05-03T20:29:00,49.20005,-133.66513333333333,matched,matched_to_pace_scene,R2_NEPacific_BC,PACE_OCI.20250501T215153,PACE_OCI.20250501T215153.V3_L2_Rrs_L2GEN_MTS.tiff,2025-05-01T21:51:53,E:\Rrs\R2_NEPacific_BC\PACE_OCI.20250501T215153.V3_L2_Rrs_L2GEN_MTS.tiff,Rrs/R2_NEPacific_BC/PACE_OCI.20250501T215153.V3_L2_Rrs_L2GEN_MTS.tiff,<PACE_IMAGE_REPOSITORY_URL>,-46.61861111111112,46.61861111111112,49.19797533742883,-133.6565940476848,0.6619519257002987,False
166,paceera_agg|18,20250504T12:16:00,2025-05-04T12:16:00,49.28606666666667,-134.6661333333333,matched,matched_to_pace_scene,R2_NEPacific_BC,PACE_OCI.20250505T205626,PACE_OCI.20250505T205626.V3_L2_Rrs_L2GEN_MTS.tiff,2025-05-05T20:56:26,E:\Rrs\R2_NEPacific_BC\PACE_OCI.20250505T205626.V3_L2_Rrs_L2GEN_MTS.tiff,Rrs/R2_NEPacific_BC/PACE_OCI.20250505T205626.V3_L2_Rrs_L2GEN_MTS.tiff,<PACE_IMAGE_REPOSITORY_URL>,32.67388888888889,32.67388888888889,49.28769079013693,-134.66759852162562,0.2095412807853574,True
167,paceera_agg|19,20250504T20:41:00,2025-05-04T20:41:00,49.35094999999999,-135.6644,matched,matched_to_pace_scene,R2_NEPacific_BC,PACE_OCI.20250505T205626,PACE_OCI.20250505T205626.V3_L2_Rrs_L2GEN_MTS.tiff,2025-05-05T20:56:26,E:\Rrs\R2_NEPacific_BC\PACE_OCI.20250505T205626.V3_L2_Rrs_L2GEN_MTS.tiff,Rrs/R2_NEPacific_BC/PACE_OCI.20250505T205626.V3_L2_Rrs_L2GEN_MTS.tiff,<PACE_IMAGE_REPOSITORY_URL>,24.25722222222222,24.25722222222222,49.35864259654181,-135.66092381129408,0.8916644403371707,True
168,paceera_agg|20,20250505T12:38:00,2025-05-05T12:38:00,49.519866666666665,-137.94455,matched,matched_to_pace_scene,R2_NEPacific_BC,PACE_OCI.20250505T205626,PACE_OCI.20250505T205626.V3_L2_Rrs_L2GEN_MTS.tiff,2025-05-05T20:56:26,E:\Rrs\R2_NEPacific_BC\PACE_OCI.20250505T205626.V3_L2_Rrs_L2GEN_MTS.tiff,Rrs/R2_NEPacific_BC/PACE_OCI.20250505T205626.V3_L2_Rrs_L2GEN_MTS.tiff,<PACE_IMAGE_REPOSITORY_URL>,8.307222222222222,8.307222222222222,49.51828416095282,-137.94911956785177,0.3738649702231686,True
169,paceera_agg|21,20250505T20:29:00,2025-05-05T20:29:00,49.56973333333333,-138.65953333333334,matched,matched_to_pace_scene,R2_NEPacific_BC,PACE_OCI.20250505T205626,PACE_OCI.20250505T205626.V3_L2_Rrs_L2GEN_MTS.tiff,2025-05-05T20:56:26,E:\Rrs\R2_NEPacific_BC\PACE_OCI.20250505T205626.V3_L2_Rrs_L2GEN_MTS.tiff,Rrs/R2_NEPacific_BC/PACE_OCI.20250505T205626.V3_L2_Rrs_L2GEN_MTS.tiff,<PACE_IMAGE_REPOSITORY_URL>,0.4572222222222222,0.4572222222222222,49.57149801575648,-138.65863763190066,0.2065810664085101,False
170,paceera_agg|22,20250506T12:30:00,2025-05-06T12:30:00,49.70036666666667,-140.6639166666667,matched,matched_to_pace_scene,R2_NEPacific_BC,PACE_OCI.20250505T205626,PACE_OCI.20250505T205626.V3_L2_Rrs_L2GEN_MTS.tiff,2025-05-05T20:56:26,E:\Rrs\R2_NEPacific_BC\PACE_OCI.20250505T205626.V3_L2_Rrs_L2GEN_MTS.tiff,Rrs/R2_NEPacific_BC/PACE_OCI.20250505T205626.V3_L2_Rrs_L2GEN_MTS.tiff,<PACE_IMAGE_REPOSITORY_URL>,-15.559444444444445,15.559444444444445,49.69566367696504,-140.6630261628388,0.5268567850161536,True
171,paceera_agg|23,20250506T20:58:00,2025-05-06T20:58:00,49.76636666666667,-141.66435,matched,matched_to_pace_scene,R2_NEPacific_BC,PACE_OCI.20250505T205626,PACE_OCI.20250505T205626.V3_L2_Rrs_L2GEN_MTS.tiff,2025-05-05T20:56:26,E:\Rrs\R2_NEPacific_BC\PACE_OCI.20250505T205626.V3_L2_Rrs_L2GEN_MTS.tiff,Rrs/R2_NEPacific_BC/PACE_OCI.20250505T205626.V3_L2_Rrs_L2GEN_MTS.tiff,<PACE_IMAGE_REPOSITORY_URL>,-24.02611111111111,24.02611111111111,49.76661548336993,-141.65635145250727,0.5751325627639241,False
172,paceera_agg|25,20250507T17:13:00,2025-05-07T17:13:00,49.99868333333333,-144.84353333333334,matched,matched_to_pace_scene,R2_NEPacific_BC,PACE_OCI.20250505T205626,PACE_OCI.20250505T205626.V3_L2_Rrs_L2GEN_MTS.tiff,2025-05-05T20:56:26,E:\Rrs\R2_NEPacific_BC\PACE_OCI.20250505T205626.V3_L2_Rrs_L2GEN_MTS.tiff,Rrs/R2_NEPacific_BC/PACE_OCI.20250505T205626.V3_L2_Rrs_L2GEN_MTS.tiff,<PACE_IMAGE_REPOSITORY_URL>,-44.27611111111111,44.27611111111111,49.99720885418582,-144.8491827407273,0.4358231107768559,False
173,paceera_agg|26,20250507T21:23:00,2025-05-07T21:23:00,49.9969,-144.99423333333334,matched,matched_to_pace_scene,R2_NEPacific_BC,PACE_OCI.20250505T205626,PACE_OCI.20250505T205626.V3_L2_Rrs_L2GEN_MTS.tiff,2025-05-05T20:56:26,E:\Rrs\R2_NEPacific_BC\PACE_OCI.20250505T205626.V3_L2_Rrs_L2GEN_MTS.tiff,Rrs/R2_NEPacific_BC/PACE_OCI.20250505T205626.V3_L2_Rrs_L2GEN_MTS.tiff,<PACE_IMAGE_REPOSITORY_URL>,-48.44277777777778,48.44277777777778,49.99720885418582,-144.99108635353707,0.22755014161299,False
174,paceera_agg|24,20250508T12:41:00,2025-05-08T12:41:00,49.99766666666667,-143.26415,matched,matched_to_pace_scene,R2_NEPacific_BC,PACE_OCI.20250505T205626,PACE_OCI.20250505T205626.V3_L2_Rrs_L2GEN_MTS.tiff,2025-05-05T20:56:26,E:\Rrs\R2_NEPacific_BC\PACE_OCI.20250505T205626.V3_L2_Rrs_L2GEN_MTS.tiff,Rrs/R2_NEPacific_BC/PACE_OCI.20250505T205626.V3_L2_Rrs_L2GEN_MTS.tiff,<PACE_IMAGE_REPOSITORY_URL>,-63.742777777777775,63.742777777777775,49.99720885418582,-143.2705050482185,0.4570937050682055,False
175,paceera_agg|157,20250515T19:33:00,2025-05-15T19:33:00,34.2946,-119.71930000000002,unmatched,no_matching_pace_scene,,,,,,,,,,,,,
176,paceera_agg|158,20250515T20:15:00,2025-05-15T20:15:00,34.2925,-119.7352,unmatched,no_matching_pace_scene,,,,,,,,,,,,,
177,paceera_agg|196,20250516T12:14:00,2025-05-16T12:14:00,48.5394,-124.79216666666667,matched,matched_to_pace_scene,R2_NEPacific_BC_1,PACE_OCI.20250516T205124,PACE_OCI.20250516T205124.V3_L2_Rrs_L2GEN_MTS.tiff,2025-05-16T20:51:24,E:\Rrs\R2_NEPacific_BC_1\PACE_OCI.20250516T205124.V3_L2_Rrs_L2GEN_MTS.tiff,Rrs/R2_NEPacific_BC_1/PACE_OCI.20250516T205124.V3_L2_Rrs_L2GEN_MTS.tiff,<PACE_IMAGE_REPOSITORY_URL>,8.623333333333333,8.623333333333333,48.53328698645271,-124.79232870458276,0.6798417220703631,False
178,paceera_agg|187,20250516T21:14:00,2025-05-16T21:14:00,48.48186666666667,-125.25483333333334,matched,matched_to_pace_scene,R2_NEPacific_BC_1,PACE_OCI.20250516T205124,PACE_OCI.20250516T205124.V3_L2_Rrs_L2GEN_MTS.tiff,2025-05-16T20:51:24,E:\Rrs\R2_NEPacific_BC_1\PACE_OCI.20250516T205124.V3_L2_Rrs_L2GEN_MTS.tiff,Rrs/R2_NEPacific_BC_1/PACE_OCI.20250516T205124.V3_L2_Rrs_L2GEN_MTS.tiff,<PACE_IMAGE_REPOSITORY_URL>,-0.3766666666666666,0.3766666666666666,48.476822405066,-125.25816150102315,0.6121986868947279,False
179,paceera_agg|197,20250517T11:55:00,2025-05-17T11:55:00,48.25298333333333,-125.79433333333331,matched,matched_to_pace_scene,R2_NEPacific_BC_1,PACE_OCI.20250517T212643,PACE_OCI.20250517T212643.V3_L2_Rrs_L2GEN_MTS.tiff,2025-05-17T21:26:43,E:\Rrs\R2_NEPacific_BC_1\PACE_OCI.20250517T212643.V3_L2_Rrs_L2GEN_MTS.tiff,Rrs/R2_NEPacific_BC_1/PACE_OCI.20250517T212643.V3_L2_Rrs_L2GEN_MTS.tiff,<PACE_IMAGE_REPOSITORY_URL>,9.528611111111111,9.528611111111111,48.2536318925256,-125.79401769274138,0.0758085165084005,False
180,paceera_agg|188,20250517T19:27:00,2025-05-17T19:27:00,48.057433333333336,-126.18850000000002,matched,matched_to_pace_scene,R2_NEPacific_BC_1,PACE_OCI.20250516T205124,PACE_OCI.20250516T205124.V3_L2_Rrs_L2GEN_MTS.tiff,2025-05-16T20:51:24,E:\Rrs\R2_NEPacific_BC_1\PACE_OCI.20250516T205124.V3_L2_Rrs_L2GEN_MTS.tiff,Rrs/R2_NEPacific_BC_1/PACE_OCI.20250516T205124.V3_L2_Rrs_L2GEN_MTS.tiff,<PACE_IMAGE_REPOSITORY_URL>,-22.593333333333334,22.593333333333334,48.05333804466564,-126.18982709390396,0.4659357651693799,False
181,paceera_agg|198,20250518T11:45:00,2025-05-18T11:45:00,48.417233333333336,-126.25183333333334,matched,matched_to_pace_scene,R2_NEPacific_BC_1,PACE_OCI.20250518T202341,PACE_OCI.20250518T202341.V3_L2_Rrs_L2GEN_MTS.tiff,2025-05-18T20:23:41,E:\Rrs\R2_NEPacific_BC_1\PACE_OCI.20250518T202341.V3_L2_Rrs_L2GEN_MTS.tiff,Rrs/R2_NEPacific_BC_1/PACE_OCI.20250518T202341.V3_L2_Rrs_L2GEN_MTS.tiff,<PACE_IMAGE_REPOSITORY_URL>,8.644722222222223,8.644722222222223,48.41179374192661,-126.2452375881666,0.7764142247685075,False
182,paceera_agg|190,20250518T19:48:00,2025-05-18T19:48:00,48.60758333333333,-125.89833333333333,matched,matched_to_pace_scene,R2_NEPacific_BC_1,PACE_OCI.20250518T202341,PACE_OCI.20250518T202341.V3_L2_Rrs_L2GEN_MTS.tiff,2025-05-18T20:23:41,E:\Rrs\R2_NEPacific_BC_1\PACE_OCI.20250518T202341.V3_L2_Rrs_L2GEN_MTS.tiff,Rrs/R2_NEPacific_BC_1/PACE_OCI.20250518T202341.V3_L2_Rrs_L2GEN_MTS.tiff,<PACE_IMAGE_REPOSITORY_URL>,0.5947222222222223,0.5947222222222223,48.612224064501234,-125.894484523661,0.5885173532334955,True
183,paceera_agg|191,20250519T20:55:00,2025-05-19T20:55:00,48.478133333333325,-126.72116666666666,matched,matched_to_pace_scene,R2_NEPacific_BC_1,PACE_OCI.20250519T205902,PACE_OCI.20250519T205902.V3_L2_Rrs_L2GEN_MTS.tiff,2025-05-19T20:59:02,E:\Rrs\R2_NEPacific_BC_1\PACE_OCI.20250519T205902.V3_L2_Rrs_L2GEN_MTS.tiff,Rrs/R2_NEPacific_BC_1/PACE_OCI.20250519T205902.V3_L2_Rrs_L2GEN_MTS.tiff,<PACE_IMAGE_REPOSITORY_URL>,0.0672222222222222,0.0672222222222222,48.48437175612219,-126.71752403905082,0.7438283515478908,False
184,paceera_agg|199,20250520T11:44:00,2025-05-20T11:44:00,48.99283333333333,-127.11918333333334,matched,matched_to_pace_scene,R2_NEPacific_BC_1,PACE_OCI.20250520T213421,PACE_OCI.20250520T213421.V3_L2_Rrs_L2GEN_MTS.tiff,2025-05-20T21:34:21,E:\Rrs\R2_NEPacific_BC_1\PACE_OCI.20250520T213421.V3_L2_Rrs_L2GEN_MTS.tiff,Rrs/R2_NEPacific_BC_1/PACE_OCI.20250520T213421.V3_L2_Rrs_L2GEN_MTS.tiff,<PACE_IMAGE_REPOSITORY_URL>,9.839166666666667,9.839166666666667,48.99653217359708,-127.10540310038108,1.0862578761143775,True
185,paceera_agg|192,20250520T20:00:00,2025-05-20T20:00:00,49.3132,-126.63683333333331,matched,matched_to_pace_scene,R2_NEPacific_BC_1,PACE_OCI.20250520T213421,PACE_OCI.20250520T213421.V3_L2_Rrs_L2GEN_MTS.tiff,2025-05-20T21:34:21,E:\Rrs\R2_NEPacific_BC_1\PACE_OCI.20250520T213421.V3_L2_Rrs_L2GEN_MTS.tiff,Rrs/R2_NEPacific_BC_1/PACE_OCI.20250520T213421.V3_L2_Rrs_L2GEN_MTS.tiff,<PACE_IMAGE_REPOSITORY_URL>,1.5725,1.5725,49.30594095620379,-126.641289926471,0.8694294221652523,False
186,paceera_agg|200,20250521T11:43:00,2025-05-21T11:43:00,49.99981666666667,-127.99983333333331,unmatched,no_matching_pace_scene,,,,,,,,,,,,,
187,paceera_agg|189,20250521T20:35:00,2025-05-21T20:35:00,49.810366666666674,-128.27966666666666,unmatched,no_matching_pace_scene,,,,,,,,,,,,,
188,paceera_agg|201,20250522T11:49:00,2025-05-22T11:49:00,50.684583333333336,-129.47383333333337,unmatched,no_matching_pace_scene,,,,,,,,,,,,,
189,paceera_agg|193,20250522T20:48:00,2025-05-22T20:48:00,50.6623,-129.0334,unmatched,no_matching_pace_scene,,,,,,,,,,,,,
190,paceera_agg|194,20250522T20:48:00,2025-05-22T20:48:00,50.6623,-129.0334,unmatched,no_matching_pace_scene,,,,,,,,,,,,,
191,paceera_agg|195,20250522T20:48:00,2025-05-22T20:48:00,50.6623,-129.0334,unmatched,no_matching_pace_scene,,,,,,,,,,,,,
192,paceera_agg|159,20250529T17:45:00,2025-05-29T17:45:00,34.2798,-120.0258,unmatched,no_matching_pace_scene,,,,,,,,,,,,,
193,paceera_agg|160,20250529T19:46:00,2025-05-29T19:46:00,34.2974,-119.8856,unmatched,no_matching_pace_scene,,,,,,,,,,,,,
194,paceera_agg|161,20250529T20:31:00,2025-05-29T20:31:00,34.344,-119.866,unmatched,no_matching_pace_scene,,,,,,,,,,,,,
195,paceera_agg|162,20250708T19:40:00,2025-07-08T19:40:00,34.3148,-119.6333,unmatched,no_matching_pace_scene,,,,,,,,,,,,,
196,paceera_agg|163,20250708T20:30:00,2025-07-08T20:30:00,34.314,-119.65479999999998,unmatched,no_matching_pace_scene,,,,,,,,,,,,,
197,paceera_agg|164,20250723T19:15:00,2025-07-23T19:15:00,34.3384,-119.81170000000002,unmatched,no_matching_pace_scene,,,,,,,,,,,,,
198,paceera_agg|0,20250805T19:58:00,2025-08-05T19:58:00,34.2783,-120.0253,unmatched,no_matching_pace_scene,,,,,,,,,,,,,
199,paceera_agg|1,20250822T19:50:00,2025-08-22T19:50:00,34.2844,-119.6109,unmatched,no_matching_pace_scene,,,,,,,,,,,,,
200,paceera_agg|2,20250822T20:33:00,2025-08-22T20:33:00,34.2667,-119.6024,unmatched,no_matching_pace_scene,,,,,,,,,,,,,
201,paceera_agg|3,20250828T19:43:00,2025-08-28T19:43:00,34.2827,-119.8099,unmatched,no_matching_pace_scene,,,,,,,,,,,,,
202,paceera_agg|4,20250828T20:40:00,2025-08-28T20:40:00,34.3063,-119.80559999999998,unmatched,no_matching_pace_scene,,,,,,,,,,,,,
