region,scene_id,scene_file,scene_time,path,repository_relative_path,pace_repository_url,west,east,north,south,width,height,bands,wavelength_min_nm,wavelength_max_nm
R1_SoCal_SBC,PACE_OCI.20240625T205619,PACE_OCI.20240625T205619.V3_L2_Rrs_L2GEN_MTS.tiff,2024-06-25T20:56:19,E:\Rrs\R1_SoCal_SBC\PACE_OCI.20240625T205619.V3_L2_Rrs_L2GEN_MTS.tiff,Rrs/R1_SoCal_SBC/PACE_OCI.20240625T205619.V3_L2_Rrs_L2GEN_MTS.tiff,<PACE_IMAGE_REPOSITORY_URL>,-120.41100311279295,-117.30143305325645,34.94514846801758,32.948477166630965,190,122,167,380.0,719.0
R1_SoCal_SBC,PACE_OCI.20240705T200953,PACE_OCI.20240705T200953.V3_L2_Rrs_L2GEN_MTS.tiff,2024-07-05T20:09:53,E:\Rrs\R1_SoCal_SBC\PACE_OCI.20240705T200953.V3_L2_Rrs_L2GEN_MTS.tiff,Rrs/R1_SoCal_SBC/PACE_OCI.20240705T200953.V3_L2_Rrs_L2GEN_MTS.tiff,<PACE_IMAGE_REPOSITORY_URL>,-120.55431365966795,-117.17538729987275,35.02857208251953,32.87703350299181,234,149,167,380.0,719.0
R1_SoCal_SBC,PACE_OCI.20240905T195241,PACE_OCI.20240905T195241.V3_L2_Rrs_L2GEN_MTS.tiff,2024-09-05T19:52:41,E:\Rrs\R1_SoCal_SBC\PACE_OCI.20240905T195241.V3_L2_Rrs_L2GEN_MTS.tiff,Rrs/R1_SoCal_SBC/PACE_OCI.20240905T195241.V3_L2_Rrs_L2GEN_MTS.tiff,<PACE_IMAGE_REPOSITORY_URL>,-120.58558654785156,-117.13720220043416,35.05633544921875,32.84079317419409,193,124,167,380.0,719.0
R1_SoCal_SBC,PACE_OCI.20240906T202704,PACE_OCI.20240906T202704.V3_L2_Rrs_L2GEN_MTS.tiff,2024-09-06T20:27:04,E:\Rrs\R1_SoCal_SBC\PACE_OCI.20240906T202704.V3_L2_Rrs_L2GEN_MTS.tiff,Rrs/R1_SoCal_SBC/PACE_OCI.20240906T202704.V3_L2_Rrs_L2GEN_MTS.tiff,<PACE_IMAGE_REPOSITORY_URL>,-120.50993347167967,-117.230179147237,34.996543884277344,32.89889182518149,283,181,167,380.0,719.0
R1_SoCal_SBC,PACE_OCI.20240912T203631,PACE_OCI.20240912T203631.V3_L2_Rrs_L2GEN_MTS.tiff,2024-09-12T20:36:31,E:\Rrs\R1_SoCal_SBC\PACE_OCI.20240912T203631.V3_L2_Rrs_L2GEN_MTS.tiff,Rrs/R1_SoCal_SBC/PACE_OCI.20240912T203631.V3_L2_Rrs_L2GEN_MTS.tiff,<PACE_IMAGE_REPOSITORY_URL>,-120.48133850097656,-117.25878681930207,34.979610443115234,32.91812517616171,272,174,167,380.0,719.0
R1_SoCal_SBC,PACE_OCI.20240915T204113,PACE_OCI.20240915T204113.V3_L2_Rrs_L2GEN_MTS.tiff,2024-09-15T20:41:13,E:\Rrs\R1_SoCal_SBC\PACE_OCI.20240915T204113.V3_L2_Rrs_L2GEN_MTS.tiff,Rrs/R1_SoCal_SBC/PACE_OCI.20240915T204113.V3_L2_Rrs_L2GEN_MTS.tiff,<PACE_IMAGE_REPOSITORY_URL>,-120.4682846069336,-117.27729425914696,34.97063064575195,32.914775204292575,253,163,167,380.0,719.0
R1_SoCal_SBC,PACE_OCI.20240917T201128,PACE_OCI.20240917T201128.V3_L2_Rrs_L2GEN_MTS.tiff,2024-09-17T20:11:28,E:\Rrs\R1_SoCal_SBC\PACE_OCI.20240917T201128.V3_L2_Rrs_L2GEN_MTS.tiff,Rrs/R1_SoCal_SBC/PACE_OCI.20240917T201128.V3_L2_Rrs_L2GEN_MTS.tiff,<PACE_IMAGE_REPOSITORY_URL>,-120.54547882080078,-117.1796834620601,35.02162170410156,32.879751930357486,242,154,167,380.0,719.0
R3_Indian_Ocean_C2,PACE_OCI.20250109T082706,PACE_OCI.20250109T082706.V3_L2_Rrs_L2GEN_MTS.tiff,2025-01-09T08:27:06,E:\Rrs\R3_Indian_Ocean_C2\PACE_OCI.20250109T082706.V3_L2_Rrs_L2GEN_MTS.tiff,Rrs/R3_Indian_Ocean_C2/PACE_OCI.20250109T082706.V3_L2_Rrs_L2GEN_MTS.tiff,<PACE_IMAGE_REPOSITORY_URL>,55.27219772338867,59.587766351291336,2.839884042739868,-0.9912840248880044,294,261,167,380.0,719.0
R3_Indian_Ocean_C3,PACE_OCI.20250109T082706,PACE_OCI.20250109T082706.V3_L2_Rrs_L2GEN_MTS.tiff,2025-01-09T08:27:06,E:\Rrs\R3_Indian_Ocean_C3\PACE_OCI.20250109T082706.V3_L2_Rrs_L2GEN_MTS.tiff,Rrs/R3_Indian_Ocean_C3/PACE_OCI.20250109T082706.V3_L2_Rrs_L2GEN_MTS.tiff,<PACE_IMAGE_REPOSITORY_URL>,59.46690368652344,64.402765225247,2.981655597686768,-0.4249973048064857,326,225,167,380.0,719.0
R3_Indian_Ocean_C4,PACE_OCI.20250109T082706,PACE_OCI.20250109T082706.V3_L2_Rrs_L2GEN_MTS.tiff,2025-01-09T08:27:06,E:\Rrs\R3_Indian_Ocean_C4\PACE_OCI.20250109T082706.V3_L2_Rrs_L2GEN_MTS.tiff,Rrs/R3_Indian_Ocean_C4/PACE_OCI.20250109T082706.V3_L2_Rrs_L2GEN_MTS.tiff,<PACE_IMAGE_REPOSITORY_URL>,64.63343811035156,69.20433192560206,3.106537342071533,0.4517793416450106,427,248,167,380.0,719.0
R3_Indian_Ocean_A1,PACE_OCI.20250110T085650,PACE_OCI.20250110T085650.V3_L2_Rrs_L2GEN_MTS.tiff,2025-01-10T08:56:50,E:\Rrs\R3_Indian_Ocean_A1\PACE_OCI.20250110T085650.V3_L2_Rrs_L2GEN_MTS.tiff,Rrs/R3_Indian_Ocean_A1/PACE_OCI.20250110T085650.V3_L2_Rrs_L2GEN_MTS.tiff,<PACE_IMAGE_REPOSITORY_URL>,49.30508041381836,54.74661263380319,-4.456881999969482,-9.473294515267996,384,354,167,380.0,719.0
R3_Indian_Ocean_A2,PACE_OCI.20250110T085650,PACE_OCI.20250110T085650.V3_L2_Rrs_L2GEN_MTS.tiff,2025-01-10T08:56:50,E:\Rrs\R3_Indian_Ocean_A2\PACE_OCI.20250110T085650.V3_L2_Rrs_L2GEN_MTS.tiff,Rrs/R3_Indian_Ocean_A2/PACE_OCI.20250110T085650.V3_L2_Rrs_L2GEN_MTS.tiff,<PACE_IMAGE_REPOSITORY_URL>,54.25562286376953,59.78866189787718,-4.300482273101807,-9.640227367153296,458,442,167,380.0,719.0
R3_Indian_Ocean_A3,PACE_OCI.20250110T085650,PACE_OCI.20250110T085650.V3_L2_Rrs_L2GEN_MTS.tiff,2025-01-10T08:56:50,E:\Rrs\R3_Indian_Ocean_A3\PACE_OCI.20250110T085650.V3_L2_Rrs_L2GEN_MTS.tiff,Rrs/R3_Indian_Ocean_A3/PACE_OCI.20250110T085650.V3_L2_Rrs_L2GEN_MTS.tiff,<PACE_IMAGE_REPOSITORY_URL>,59.20044708251953,64.8325819620486,-4.1423773765563965,-9.829406358225112,513,518,167,380.0,719.0
R3_Indian_Ocean_A4,PACE_OCI.20250110T085650,PACE_OCI.20250110T085650.V3_L2_Rrs_L2GEN_MTS.tiff,2025-01-10T08:56:50,E:\Rrs\R3_Indian_Ocean_A4\PACE_OCI.20250110T085650.V3_L2_Rrs_L2GEN_MTS.tiff,Rrs/R3_Indian_Ocean_A4/PACE_OCI.20250110T085650.V3_L2_Rrs_L2GEN_MTS.tiff,<PACE_IMAGE_REPOSITORY_URL>,64.17010498046875,69.87697755684175,-3.9882447719573975,-10.009884900504453,417,440,167,380.0,719.0
R3_Indian_Ocean_B1,PACE_OCI.20250110T085650,PACE_OCI.20250110T085650.V3_L2_Rrs_L2GEN_MTS.tiff,2025-01-10T08:56:50,E:\Rrs\R3_Indian_Ocean_B1\PACE_OCI.20250110T085650.V3_L2_Rrs_L2GEN_MTS.tiff,Rrs/R3_Indian_Ocean_B1/PACE_OCI.20250110T085650.V3_L2_Rrs_L2GEN_MTS.tiff,<PACE_IMAGE_REPOSITORY_URL>,49.2478141784668,54.78150715972258,-0.3897230625152588,-5.545163612140902,395,368,167,380.0,719.0
R3_Indian_Ocean_B2,PACE_OCI.20250110T085650,PACE_OCI.20250110T085650.V3_L2_Rrs_L2GEN_MTS.tiff,2025-01-10T08:56:50,E:\Rrs\R3_Indian_Ocean_B2\PACE_OCI.20250110T085650.V3_L2_Rrs_L2GEN_MTS.tiff,Rrs/R3_Indian_Ocean_B2/PACE_OCI.20250110T085650.V3_L2_Rrs_L2GEN_MTS.tiff,<PACE_IMAGE_REPOSITORY_URL>,54.21179962158203,59.80374430431271,-0.2534639835357666,-5.694275026192641,481,468,167,380.0,719.0
R3_Indian_Ocean_B3,PACE_OCI.20250110T085650,PACE_OCI.20250110T085650.V3_L2_Rrs_L2GEN_MTS.tiff,2025-01-10T08:56:50,E:\Rrs\R3_Indian_Ocean_B3\PACE_OCI.20250110T085650.V3_L2_Rrs_L2GEN_MTS.tiff,Rrs/R3_Indian_Ocean_B3/PACE_OCI.20250110T085650.V3_L2_Rrs_L2GEN_MTS.tiff,<PACE_IMAGE_REPOSITORY_URL>,59.20217514038086,64.80667034801078,-0.1230754852294921,-5.862890496665363,497,509,167,380.0,719.0
R3_Indian_Ocean_B4,PACE_OCI.20250110T085650,PACE_OCI.20250110T085650.V3_L2_Rrs_L2GEN_MTS.tiff,2025-01-10T08:56:50,E:\Rrs\R3_Indian_Ocean_B4\PACE_OCI.20250110T085650.V3_L2_Rrs_L2GEN_MTS.tiff,Rrs/R3_Indian_Ocean_B4/PACE_OCI.20250110T085650.V3_L2_Rrs_L2GEN_MTS.tiff,<PACE_IMAGE_REPOSITORY_URL>,64.18229675292969,69.82696916716488,0.0135705545544624,-6.025243574390422,401,429,167,380.0,719.0
R3_Indian_Ocean_C1,PACE_OCI.20250110T085650,PACE_OCI.20250110T085650.V3_L2_Rrs_L2GEN_MTS.tiff,2025-01-10T08:56:50,E:\Rrs\R3_Indian_Ocean_C1\PACE_OCI.20250110T085650.V3_L2_Rrs_L2GEN_MTS.tiff,Rrs/R3_Indian_Ocean_C1/PACE_OCI.20250110T085650.V3_L2_Rrs_L2GEN_MTS.tiff,<PACE_IMAGE_REPOSITORY_URL>,49.767086029052734,54.36252192774657,0.2150574326515197,-2.2845520519936646,239,130,167,380.0,719.0
R3_Indian_Ocean_C2,PACE_OCI.20250110T085650,PACE_OCI.20250110T085650.V3_L2_Rrs_L2GEN_MTS.tiff,2025-01-10T08:56:50,E:\Rrs\R3_Indian_Ocean_C2\PACE_OCI.20250110T085650.V3_L2_Rrs_L2GEN_MTS.tiff,Rrs/R3_Indian_Ocean_C2/PACE_OCI.20250110T085650.V3_L2_Rrs_L2GEN_MTS.tiff,<PACE_IMAGE_REPOSITORY_URL>,54.58417892456055,59.576899002536734,1.1936731338500977,-2.4321305422671786,431,313,167,380.0,719.0
R3_Indian_Ocean_C3,PACE_OCI.20250110T085650,PACE_OCI.20250110T085650.V3_L2_Rrs_L2GEN_MTS.tiff,2025-01-10T08:56:50,E:\Rrs\R3_Indian_Ocean_C3\PACE_OCI.20250110T085650.V3_L2_Rrs_L2GEN_MTS.tiff,Rrs/R3_Indian_Ocean_C3/PACE_OCI.20250110T085650.V3_L2_Rrs_L2GEN_MTS.tiff,<PACE_IMAGE_REPOSITORY_URL>,59.38109588623047,64.80425089135306,2.3503551483154297,-2.566952426828263,461,418,167,380.0,719.0
R3_Indian_Ocean_C4,PACE_OCI.20250110T085650,PACE_OCI.20250110T085650.V3_L2_Rrs_L2GEN_MTS.tiff,2025-01-10T08:56:50,E:\Rrs\R3_Indian_Ocean_C4\PACE_OCI.20250110T085650.V3_L2_Rrs_L2GEN_MTS.tiff,Rrs/R3_Indian_Ocean_C4/PACE_OCI.20250110T085650.V3_L2_Rrs_L2GEN_MTS.tiff,<PACE_IMAGE_REPOSITORY_URL>,64.20524597167969,69.77684954962238,3.304731607437134,-2.725204398511125,389,421,167,380.0,719.0
R3_Indian_Ocean_A4,PACE_OCI.20250111T075315,PACE_OCI.20250111T075315.V3_L2_Rrs_L2GEN_MTS.tiff,2025-01-11T07:53:15,E:\Rrs\R3_Indian_Ocean_A4\PACE_OCI.20250111T075315.V3_L2_Rrs_L2GEN_MTS.tiff,Rrs/R3_Indian_Ocean_A4/PACE_OCI.20250111T075315.V3_L2_Rrs_L2GEN_MTS.tiff,<PACE_IMAGE_REPOSITORY_URL>,64.29483795166016,69.73402696646416,-4.491268634796143,-9.44250929471007,379,345,167,380.0,719.0
R3_Indian_Ocean_B3,PACE_OCI.20250111T075315,PACE_OCI.20250111T075315.V3_L2_Rrs_L2GEN_MTS.tiff,2025-01-11T07:53:15,E:\Rrs\R3_Indian_Ocean_B3\PACE_OCI.20250111T075315.V3_L2_Rrs_L2GEN_MTS.tiff,Rrs/R3_Indian_Ocean_B3/PACE_OCI.20250111T075315.V3_L2_Rrs_L2GEN_MTS.tiff,<PACE_IMAGE_REPOSITORY_URL>,63.21958923339844,64.7195260611662,-0.9123854041099548,-4.8803033952970445,141,373,167,380.0,719.0
R3_Indian_Ocean_B4,PACE_OCI.20250111T075315,PACE_OCI.20250111T075315.V3_L2_Rrs_L2GEN_MTS.tiff,2025-01-11T07:53:15,E:\Rrs\R3_Indian_Ocean_B4\PACE_OCI.20250111T075315.V3_L2_Rrs_L2GEN_MTS.tiff,Rrs/R3_Indian_Ocean_B4/PACE_OCI.20250111T075315.V3_L2_Rrs_L2GEN_MTS.tiff,<PACE_IMAGE_REPOSITORY_URL>,64.25164794921875,69.77991061703499,-0.4156697690486908,-5.517588272251854,389,359,167,380.0,719.0
R3_Indian_Ocean_C3,PACE_OCI.20250111T075315,PACE_OCI.20250111T075315.V3_L2_Rrs_L2GEN_MTS.tiff,2025-01-11T07:53:15,E:\Rrs\R3_Indian_Ocean_C3\PACE_OCI.20250111T075315.V3_L2_Rrs_L2GEN_MTS.tiff,Rrs/R3_Indian_Ocean_C3/PACE_OCI.20250111T075315.V3_L2_Rrs_L2GEN_MTS.tiff,<PACE_IMAGE_REPOSITORY_URL>,63.1394157409668,64.20148740365303,-0.511075496673584,-1.7707418873014418,86,102,167,380.0,719.0
R3_Indian_Ocean_C4,PACE_OCI.20250111T075315,PACE_OCI.20250111T075315.V3_L2_Rrs_L2GEN_MTS.tiff,2025-01-11T07:53:15,E:\Rrs\R3_Indian_Ocean_C4\PACE_OCI.20250111T075315.V3_L2_Rrs_L2GEN_MTS.tiff,Rrs/R3_Indian_Ocean_C4/PACE_OCI.20250111T075315.V3_L2_Rrs_L2GEN_MTS.tiff,<PACE_IMAGE_REPOSITORY_URL>,64.77104949951172,69.37930618095443,0.2536542117595672,-2.2636313763412947,227,124,167,380.0,719.0
R3_Indian_Ocean_A2,PACE_OCI.20250112T082759,PACE_OCI.20250112T082759.V3_L2_Rrs_L2GEN_MTS.tiff,2025-01-12T08:27:59,E:\Rrs\R3_Indian_Ocean_A2\PACE_OCI.20250112T082759.V3_L2_Rrs_L2GEN_MTS.tiff,Rrs/R3_Indian_Ocean_A2/PACE_OCI.20250112T082759.V3_L2_Rrs_L2GEN_MTS.tiff,<PACE_IMAGE_REPOSITORY_URL>,55.35191345214844,59.727737590375895,-4.557318210601807,-9.297794360348217,336,364,167,380.0,719.0
R3_Indian_Ocean_A3,PACE_OCI.20250112T082759,PACE_OCI.20250112T082759.V3_L2_Rrs_L2GEN_MTS.tiff,2025-01-12T08:27:59,E:\Rrs\R3_Indian_Ocean_A3\PACE_OCI.20250112T082759.V3_L2_Rrs_L2GEN_MTS.tiff,Rrs/R3_Indian_Ocean_A3/PACE_OCI.20250112T082759.V3_L2_Rrs_L2GEN_MTS.tiff,<PACE_IMAGE_REPOSITORY_URL>,59.26829528808594,64.78789978671715,-4.366702079772949,-9.567100535109828,415,391,167,380.0,719.0
R3_Indian_Ocean_A4,PACE_OCI.20250112T082759,PACE_OCI.20250112T082759.V3_L2_Rrs_L2GEN_MTS.tiff,2025-01-12T08:27:59,E:\Rrs\R3_Indian_Ocean_A4\PACE_OCI.20250112T082759.V3_L2_Rrs_L2GEN_MTS.tiff,Rrs/R3_Indian_Ocean_A4/PACE_OCI.20250112T082759.V3_L2_Rrs_L2GEN_MTS.tiff,<PACE_IMAGE_REPOSITORY_URL>,64.22634887695312,69.81415983818148,-4.213940143585205,-9.74728900967488,513,508,167,380.0,719.0
R3_Indian_Ocean_B2,PACE_OCI.20250112T082759,PACE_OCI.20250112T082759.V3_L2_Rrs_L2GEN_MTS.tiff,2025-01-12T08:27:59,E:\Rrs\R3_Indian_Ocean_B2\PACE_OCI.20250112T082759.V3_L2_Rrs_L2GEN_MTS.tiff,Rrs/R3_Indian_Ocean_B2/PACE_OCI.20250112T082759.V3_L2_Rrs_L2GEN_MTS.tiff,<PACE_IMAGE_REPOSITORY_URL>,54.565067291259766,59.78486690674238,-0.4588874876499176,-5.426793287908171,373,355,167,380.0,719.0
R3_Indian_Ocean_B3,PACE_OCI.20250112T082759,PACE_OCI.20250112T082759.V3_L2_Rrs_L2GEN_MTS.tiff,2025-01-12T08:27:59,E:\Rrs\R3_Indian_Ocean_B3\PACE_OCI.20250112T082759.V3_L2_Rrs_L2GEN_MTS.tiff,Rrs/R3_Indian_Ocean_B3/PACE_OCI.20250112T082759.V3_L2_Rrs_L2GEN_MTS.tiff,<PACE_IMAGE_REPOSITORY_URL>,59.220211029052734,64.7918852774567,-0.322591632604599,-5.623420605044485,432,411,167,380.0,719.0
R3_Indian_Ocean_B4,PACE_OCI.20250112T082759,PACE_OCI.20250112T082759.V3_L2_Rrs_L2GEN_MTS.tiff,2025-01-12T08:27:59,E:\Rrs\R3_Indian_Ocean_B4\PACE_OCI.20250112T082759.V3_L2_Rrs_L2GEN_MTS.tiff,Rrs/R3_Indian_Ocean_B4/PACE_OCI.20250112T082759.V3_L2_Rrs_L2GEN_MTS.tiff,<PACE_IMAGE_REPOSITORY_URL>,64.21073913574219,69.80293879351494,-0.1822919100522995,-5.796041470167137,519,521,167,380.0,719.0
R3_Indian_Ocean_C2,PACE_OCI.20250112T082759,PACE_OCI.20250112T082759.V3_L2_Rrs_L2GEN_MTS.tiff,2025-01-12T08:27:59,E:\Rrs\R3_Indian_Ocean_C2\PACE_OCI.20250112T082759.V3_L2_Rrs_L2GEN_MTS.tiff,Rrs/R3_Indian_Ocean_C2/PACE_OCI.20250112T082759.V3_L2_Rrs_L2GEN_MTS.tiff,<PACE_IMAGE_REPOSITORY_URL>,54.73409271240234,59.3871108420398,0.2572740912437439,-2.233073640111513,213,114,167,380.0,719.0
R3_Indian_Ocean_C3,PACE_OCI.20250112T082759,PACE_OCI.20250112T082759.V3_L2_Rrs_L2GEN_MTS.tiff,2025-01-12T08:27:59,E:\Rrs\R3_Indian_Ocean_C3\PACE_OCI.20250112T082759.V3_L2_Rrs_L2GEN_MTS.tiff,Rrs/R3_Indian_Ocean_C3/PACE_OCI.20250112T082759.V3_L2_Rrs_L2GEN_MTS.tiff,<PACE_IMAGE_REPOSITORY_URL>,59.5745849609375,64.57151115865585,1.1586520671844482,-2.3653509813442004,363,256,167,380.0,719.0
R3_Indian_Ocean_C4,PACE_OCI.20250112T082759,PACE_OCI.20250112T082759.V3_L2_Rrs_L2GEN_MTS.tiff,2025-01-12T08:27:59,E:\Rrs\R3_Indian_Ocean_C4\PACE_OCI.20250112T082759.V3_L2_Rrs_L2GEN_MTS.tiff,Rrs/R3_Indian_Ocean_C4/PACE_OCI.20250112T082759.V3_L2_Rrs_L2GEN_MTS.tiff,<PACE_IMAGE_REPOSITORY_URL>,64.38648223876953,69.7885077889342,2.2399497032165527,-2.515126679263721,501,441,167,380.0,719.0
R3_Indian_Ocean_A1,PACE_OCI.20250113T090237,PACE_OCI.20250113T090237.V3_L2_Rrs_L2GEN_MTS.tiff,2025-01-13T09:02:37,E:\Rrs\R3_Indian_Ocean_A1\PACE_OCI.20250113T090237.V3_L2_Rrs_L2GEN_MTS.tiff,Rrs/R3_Indian_Ocean_A1/PACE_OCI.20250113T090237.V3_L2_Rrs_L2GEN_MTS.tiff,<PACE_IMAGE_REPOSITORY_URL>,49.28219985961914,54.75885748717289,-4.4181318283081055,-9.52138098125592,396,369,167,380.0,719.0
R3_Indian_Ocean_A2,PACE_OCI.20250113T090237,PACE_OCI.20250113T090237.V3_L2_Rrs_L2GEN_MTS.tiff,2025-01-13T09:02:37,E:\Rrs\R3_Indian_Ocean_A2\PACE_OCI.20250113T090237.V3_L2_Rrs_L2GEN_MTS.tiff,Rrs/R3_Indian_Ocean_A2/PACE_OCI.20250113T090237.V3_L2_Rrs_L2GEN_MTS.tiff,<PACE_IMAGE_REPOSITORY_URL>,54.23868942260742,59.80817097390239,-4.260164737701416,-9.704871753223992,491,480,167,380.0,719.0
R3_Indian_Ocean_A3,PACE_OCI.20250113T090237,PACE_OCI.20250113T090237.V3_L2_Rrs_L2GEN_MTS.tiff,2025-01-13T09:02:37,E:\Rrs\R3_Indian_Ocean_A3\PACE_OCI.20250113T090237.V3_L2_Rrs_L2GEN_MTS.tiff,Rrs/R3_Indian_Ocean_A3/PACE_OCI.20250113T090237.V3_L2_Rrs_L2GEN_MTS.tiff,<PACE_IMAGE_REPOSITORY_URL>,59.195438385009766,64.84312609373535,-4.1006364822387695,-9.887201757572363,488,500,167,380.0,719.0
R3_Indian_Ocean_A4,PACE_OCI.20250113T090237,PACE_OCI.20250113T090237.V3_L2_Rrs_L2GEN_MTS.tiff,2025-01-13T09:02:37,E:\Rrs\R3_Indian_Ocean_A4\PACE_OCI.20250113T090237.V3_L2_Rrs_L2GEN_MTS.tiff,Rrs/R3_Indian_Ocean_A4/PACE_OCI.20250113T090237.V3_L2_Rrs_L2GEN_MTS.tiff,<PACE_IMAGE_REPOSITORY_URL>,64.16110229492188,69.88356034065089,-3.936654567718506,-10.04537853153423,400,427,167,380.0,719.0
R3_Indian_Ocean_B1,PACE_OCI.20250113T090237,PACE_OCI.20250113T090237.V3_L2_Rrs_L2GEN_MTS.tiff,2025-01-13T09:02:37,E:\Rrs\R3_Indian_Ocean_B1\PACE_OCI.20250113T090237.V3_L2_Rrs_L2GEN_MTS.tiff,Rrs/R3_Indian_Ocean_B1/PACE_OCI.20250113T090237.V3_L2_Rrs_L2GEN_MTS.tiff,<PACE_IMAGE_REPOSITORY_URL>,49.245697021484375,54.775809200191496,-0.3549129664897918,-5.574040841748833,409,386,167,380.0,719.0
R3_Indian_Ocean_B2,PACE_OCI.20250113T090237,PACE_OCI.20250113T090237.V3_L2_Rrs_L2GEN_MTS.tiff,2025-01-13T09:02:37,E:\Rrs\R3_Indian_Ocean_B2\PACE_OCI.20250113T090237.V3_L2_Rrs_L2GEN_MTS.tiff,Rrs/R3_Indian_Ocean_B2/PACE_OCI.20250113T090237.V3_L2_Rrs_L2GEN_MTS.tiff,<PACE_IMAGE_REPOSITORY_URL>,54.216094970703125,59.79786849786122,-0.2255837470293045,-5.741300782741739,507,501,167,380.0,719.0
R3_Indian_Ocean_B3,PACE_OCI.20250113T090237,PACE_OCI.20250113T090237.V3_L2_Rrs_L2GEN_MTS.tiff,2025-01-13T09:02:37,E:\Rrs\R3_Indian_Ocean_B3\PACE_OCI.20250113T090237.V3_L2_Rrs_L2GEN_MTS.tiff,Rrs/R3_Indian_Ocean_B3/PACE_OCI.20250113T090237.V3_L2_Rrs_L2GEN_MTS.tiff,<PACE_IMAGE_REPOSITORY_URL>,59.19878005981445,64.81799593847774,-0.0751460120081901,-5.899354744614125,466,483,167,380.0,719.0
R3_Indian_Ocean_B4,PACE_OCI.20250113T090237,PACE_OCI.20250113T090237.V3_L2_Rrs_L2GEN_MTS.tiff,2025-01-13T09:02:37,E:\Rrs\R3_Indian_Ocean_B4\PACE_OCI.20250113T090237.V3_L2_Rrs_L2GEN_MTS.tiff,Rrs/R3_Indian_Ocean_B4/PACE_OCI.20250113T090237.V3_L2_Rrs_L2GEN_MTS.tiff,<PACE_IMAGE_REPOSITORY_URL>,64.18822479248047,69.8460365733557,0.0567357651889324,-6.06769966771725,388,420,167,380.0,719.0
R3_Indian_Ocean_C1,PACE_OCI.20250113T090237,PACE_OCI.20250113T090237.V3_L2_Rrs_L2GEN_MTS.tiff,2025-01-13T09:02:37,E:\Rrs\R3_Indian_Ocean_C1\PACE_OCI.20250113T090237.V3_L2_Rrs_L2GEN_MTS.tiff,Rrs/R3_Indian_Ocean_C1/PACE_OCI.20250113T090237.V3_L2_Rrs_L2GEN_MTS.tiff,<PACE_IMAGE_REPOSITORY_URL>,49.652645111083984,54.493296429401134,0.7544800043106079,-2.340362641826588,305,195,167,380.0,719.0
R3_Indian_Ocean_C2,PACE_OCI.20250113T090237,PACE_OCI.20250113T090237.V3_L2_Rrs_L2GEN_MTS.tiff,2025-01-13T09:02:37,E:\Rrs\R3_Indian_Ocean_C2\PACE_OCI.20250113T090237.V3_L2_Rrs_L2GEN_MTS.tiff,Rrs/R3_Indian_Ocean_C2/PACE_OCI.20250113T090237.V3_L2_Rrs_L2GEN_MTS.tiff,<PACE_IMAGE_REPOSITORY_URL>,54.47646331787109,59.69569620318867,1.78670334815979,-2.4796405456475226,482,394,167,380.0,719.0
R3_Indian_Ocean_C3,PACE_OCI.20250113T090237,PACE_OCI.20250113T090237.V3_L2_Rrs_L2GEN_MTS.tiff,2025-01-13T09:02:37,E:\Rrs\R3_Indian_Ocean_C3\PACE_OCI.20250113T090237.V3_L2_Rrs_L2GEN_MTS.tiff,Rrs/R3_Indian_Ocean_C3/PACE_OCI.20250113T090237.V3_L2_Rrs_L2GEN_MTS.tiff,<PACE_IMAGE_REPOSITORY_URL>,59.25643157958984,64.78433198854273,2.957561492919922,-2.6207070290986003,439,443,167,380.0,719.0
R3_Indian_Ocean_C4,PACE_OCI.20250113T090237,PACE_OCI.20250113T090237.V3_L2_Rrs_L2GEN_MTS.tiff,2025-01-13T09:02:37,E:\Rrs\R3_Indian_Ocean_C4\PACE_OCI.20250113T090237.V3_L2_Rrs_L2GEN_MTS.tiff,Rrs/R3_Indian_Ocean_C4/PACE_OCI.20250113T090237.V3_L2_Rrs_L2GEN_MTS.tiff,<PACE_IMAGE_REPOSITORY_URL>,64.2152099609375,69.77637656428628,3.3389806747436523,-2.7665329241710213,378,415,167,380.0,719.0
R3_Indian_Ocean_A1,PACE_OCI.20250114T093720,PACE_OCI.20250114T093720.V3_L2_Rrs_L2GEN_MTS.tiff,2025-01-14T09:37:20,E:\Rrs\R3_Indian_Ocean_A1\PACE_OCI.20250114T093720.V3_L2_Rrs_L2GEN_MTS.tiff,Rrs/R3_Indian_Ocean_A1/PACE_OCI.20250114T093720.V3_L2_Rrs_L2GEN_MTS.tiff,<PACE_IMAGE_REPOSITORY_URL>,49.20779037475586,54.83205075218071,-4.137277126312256,-9.838582166441554,511,518,167,380.0,719.0
R3_Indian_Ocean_A2,PACE_OCI.20250114T093720,PACE_OCI.20250114T093720.V3_L2_Rrs_L2GEN_MTS.tiff,2025-01-14T09:37:20,E:\Rrs\R3_Indian_Ocean_A2\PACE_OCI.20250114T093720.V3_L2_Rrs_L2GEN_MTS.tiff,Rrs/R3_Indian_Ocean_A2/PACE_OCI.20250114T093720.V3_L2_Rrs_L2GEN_MTS.tiff,<PACE_IMAGE_REPOSITORY_URL>,54.169578552246094,59.84729339835114,-3.994021415710449,-10.01459343851266,414,439,167,380.0,719.0
R3_Indian_Ocean_A3,PACE_OCI.20250114T093720,PACE_OCI.20250114T093720.V3_L2_Rrs_L2GEN_MTS.tiff,2025-01-14T09:37:20,E:\Rrs\R3_Indian_Ocean_A3\PACE_OCI.20250114T093720.V3_L2_Rrs_L2GEN_MTS.tiff,Rrs/R3_Indian_Ocean_A3/PACE_OCI.20250114T093720.V3_L2_Rrs_L2GEN_MTS.tiff,<PACE_IMAGE_REPOSITORY_URL>,59.13140106201172,63.86765443028814,-4.168695449829102,-10.15706177753492,348,440,167,380.0,719.0
R3_Indian_Ocean_B1,PACE_OCI.20250114T093720,PACE_OCI.20250114T093720.V3_L2_Rrs_L2GEN_MTS.tiff,2025-01-14T09:37:20,E:\Rrs\R3_Indian_Ocean_B1\PACE_OCI.20250114T093720.V3_L2_Rrs_L2GEN_MTS.tiff,Rrs/R3_Indian_Ocean_B1/PACE_OCI.20250114T093720.V3_L2_Rrs_L2GEN_MTS.tiff,<PACE_IMAGE_REPOSITORY_URL>,49.20563888549805,54.80670615504783,-0.119114376604557,-5.86728038252635,495,508,167,380.0,719.0
R3_Indian_Ocean_B2,PACE_OCI.20250114T093720,PACE_OCI.20250114T093720.V3_L2_Rrs_L2GEN_MTS.tiff,2025-01-14T09:37:20,E:\Rrs\R3_Indian_Ocean_B2\PACE_OCI.20250114T093720.V3_L2_Rrs_L2GEN_MTS.tiff,Rrs/R3_Indian_Ocean_B2/PACE_OCI.20250114T093720.V3_L2_Rrs_L2GEN_MTS.tiff,<PACE_IMAGE_REPOSITORY_URL>,54.19358825683594,59.81915600275162,0.0104453274980187,-6.023998269624563,399,428,167,380.0,719.0
R3_Indian_Ocean_B3,PACE_OCI.20250114T093720,PACE_OCI.20250114T093720.V3_L2_Rrs_L2GEN_MTS.tiff,2025-01-14T09:37:20,E:\Rrs\R3_Indian_Ocean_B3\PACE_OCI.20250114T093720.V3_L2_Rrs_L2GEN_MTS.tiff,Rrs/R3_Indian_Ocean_B3/PACE_OCI.20250114T093720.V3_L2_Rrs_L2GEN_MTS.tiff,<PACE_IMAGE_REPOSITORY_URL>,59.18423080444336,62.864927878665625,-0.4620437920093536,-5.836625678935979,289,422,167,380.0,719.0
R3_Indian_Ocean_C1,PACE_OCI.20250114T093720,PACE_OCI.20250114T093720.V3_L2_Rrs_L2GEN_MTS.tiff,2025-01-14T09:37:20,E:\Rrs\R3_Indian_Ocean_C1\PACE_OCI.20250114T093720.V3_L2_Rrs_L2GEN_MTS.tiff,Rrs/R3_Indian_Ocean_C1/PACE_OCI.20250114T093720.V3_L2_Rrs_L2GEN_MTS.tiff,<PACE_IMAGE_REPOSITORY_URL>,49.27819442749024,54.792388452085504,2.809558391571045,-2.575580028193275,470,459,167,380.0,719.0
R3_Indian_Ocean_C2,PACE_OCI.20250114T093720,PACE_OCI.20250114T093720.V3_L2_Rrs_L2GEN_MTS.tiff,2025-01-14T09:37:20,E:\Rrs\R3_Indian_Ocean_C2\PACE_OCI.20250114T093720.V3_L2_Rrs_L2GEN_MTS.tiff,Rrs/R3_Indian_Ocean_C2/PACE_OCI.20250114T093720.V3_L2_Rrs_L2GEN_MTS.tiff,<PACE_IMAGE_REPOSITORY_URL>,54.21109008789063,59.78029412040753,3.303786516189575,-2.7247333128235747,388,420,167,380.0,719.0
R3_Indian_Ocean_C3,PACE_OCI.20250114T093720,PACE_OCI.20250114T093720.V3_L2_Rrs_L2GEN_MTS.tiff,2025-01-14T09:37:20,E:\Rrs\R3_Indian_Ocean_C3\PACE_OCI.20250114T093720.V3_L2_Rrs_L2GEN_MTS.tiff,Rrs/R3_Indian_Ocean_C3/PACE_OCI.20250114T093720.V3_L2_Rrs_L2GEN_MTS.tiff,<PACE_IMAGE_REPOSITORY_URL>,59.19797897338867,62.09081058708294,2.625266790390014,-2.29254695289024,240,408,167,380.0,719.0
R3_Indian_Ocean_A1,PACE_OCI.20250115T101203,PACE_OCI.20250115T101203.V3_L2_Rrs_L2GEN_MTS.tiff,2025-01-15T10:12:03,E:\Rrs\R3_Indian_Ocean_A1\PACE_OCI.20250115T101203.V3_L2_Rrs_L2GEN_MTS.tiff,Rrs/R3_Indian_Ocean_A1/PACE_OCI.20250115T101203.V3_L2_Rrs_L2GEN_MTS.tiff,<PACE_IMAGE_REPOSITORY_URL>,49.13565826416016,54.85801060107593,-3.871769905090332,-10.14263788051876,386,423,167,380.0,719.0
R3_Indian_Ocean_A2,PACE_OCI.20250115T101203,PACE_OCI.20250115T101203.V3_L2_Rrs_L2GEN_MTS.tiff,2025-01-15T10:12:03,E:\Rrs\R3_Indian_Ocean_A2\PACE_OCI.20250115T101203.V3_L2_Rrs_L2GEN_MTS.tiff,Rrs/R3_Indian_Ocean_A2/PACE_OCI.20250115T101203.V3_L2_Rrs_L2GEN_MTS.tiff,<PACE_IMAGE_REPOSITORY_URL>,54.81710433959961,55.2039880883341,-8.207683563232422,-9.058827810448296,35,77,167,380.0,719.0
R3_Indian_Ocean_B1,PACE_OCI.20250115T101203,PACE_OCI.20250115T101203.V3_L2_Rrs_L2GEN_MTS.tiff,2025-01-15T10:12:03,E:\Rrs\R3_Indian_Ocean_B1\PACE_OCI.20250115T101203.V3_L2_Rrs_L2GEN_MTS.tiff,Rrs/R3_Indian_Ocean_B1/PACE_OCI.20250115T101203.V3_L2_Rrs_L2GEN_MTS.tiff,<PACE_IMAGE_REPOSITORY_URL>,49.16960525512695,54.181579608198994,-0.0857149437069892,-6.1506250852395405,357,432,167,380.0,719.0
R3_Indian_Ocean_C1,PACE_OCI.20250115T101203,PACE_OCI.20250115T101203.V3_L2_Rrs_L2GEN_MTS.tiff,2025-01-15T10:12:03,E:\Rrs\R3_Indian_Ocean_C1\PACE_OCI.20250115T101203.V3_L2_Rrs_L2GEN_MTS.tiff,Rrs/R3_Indian_Ocean_C1/PACE_OCI.20250115T101203.V3_L2_Rrs_L2GEN_MTS.tiff,<PACE_IMAGE_REPOSITORY_URL>,49.19831085205078,53.42942457594892,3.002203226089477,-2.665892517245771,318,426,167,380.0,719.0
R4_East_Atlantic_A1,PACE_OCI.20250403T150629,PACE_OCI.20250403T150629.V3_L2_Rrs_L2GEN_MTS.tiff,2025-04-03T15:06:29,E:\Rrs\R4_East_Atlantic_A1\PACE_OCI.20250403T150629.V3_L2_Rrs_L2GEN_MTS.tiff,Rrs/R4_East_Atlantic_A1/PACE_OCI.20250403T150629.V3_L2_Rrs_L2GEN_MTS.tiff,<PACE_IMAGE_REPOSITORY_URL>,-24.92994880676269,-22.888566807842377,19.95261573791504,16.748264600215876,165,259,167,380.0,719.0
R4_East_Atlantic_A2,PACE_OCI.20250403T150629,PACE_OCI.20250403T150629.V3_L2_Rrs_L2GEN_MTS.tiff,2025-04-03T15:06:29,E:\Rrs\R4_East_Atlantic_A2\PACE_OCI.20250403T150629.V3_L2_Rrs_L2GEN_MTS.tiff,Rrs/R4_East_Atlantic_A2/PACE_OCI.20250403T150629.V3_L2_Rrs_L2GEN_MTS.tiff,<PACE_IMAGE_REPOSITORY_URL>,-23.675783157348636,-21.74911813727192,19.92474174499512,16.665163817947093,159,269,167,380.0,719.0
R4_East_Atlantic_B1,PACE_OCI.20250403T150629,PACE_OCI.20250403T150629.V3_L2_Rrs_L2GEN_MTS.tiff,2025-04-03T15:06:29,E:\Rrs\R4_East_Atlantic_B1\PACE_OCI.20250403T150629.V3_L2_Rrs_L2GEN_MTS.tiff,Rrs/R4_East_Atlantic_B1/PACE_OCI.20250403T150629.V3_L2_Rrs_L2GEN_MTS.tiff,<PACE_IMAGE_REPOSITORY_URL>,-25.17887687683105,-22.95624050174361,22.586801528930664,19.38058468900568,174,251,167,380.0,719.0
R4_East_Atlantic_B2,PACE_OCI.20250403T150629,PACE_OCI.20250403T150629.V3_L2_Rrs_L2GEN_MTS.tiff,2025-04-03T15:06:29,E:\Rrs\R4_East_Atlantic_B2\PACE_OCI.20250403T150629.V3_L2_Rrs_L2GEN_MTS.tiff,Rrs/R4_East_Atlantic_B2/PACE_OCI.20250403T150629.V3_L2_Rrs_L2GEN_MTS.tiff,<PACE_IMAGE_REPOSITORY_URL>,-23.6337890625,-22.16884269971743,22.444923400878903,19.468890632391485,127,258,167,380.0,719.0
R4_East_Atlantic_C1,PACE_OCI.20250403T150629,PACE_OCI.20250403T150629.V3_L2_Rrs_L2GEN_MTS.tiff,2025-04-03T15:06:29,E:\Rrs\R4_East_Atlantic_C1\PACE_OCI.20250403T150629.V3_L2_Rrs_L2GEN_MTS.tiff,Rrs/R4_East_Atlantic_C1/PACE_OCI.20250403T150629.V3_L2_Rrs_L2GEN_MTS.tiff,<PACE_IMAGE_REPOSITORY_URL>,-25.15741539001465,-22.973813850526707,25.16692352294922,22.012832410355525,171,247,167,380.0,719.0
R4_East_Atlantic_C2,PACE_OCI.20250403T150629,PACE_OCI.20250403T150629.V3_L2_Rrs_L2GEN_MTS.tiff,2025-04-03T15:06:29,E:\Rrs\R4_East_Atlantic_C2\PACE_OCI.20250403T150629.V3_L2_Rrs_L2GEN_MTS.tiff,Rrs/R4_East_Atlantic_C2/PACE_OCI.20250403T150629.V3_L2_Rrs_L2GEN_MTS.tiff,<PACE_IMAGE_REPOSITORY_URL>,-23.643407821655277,-22.547364230915317,24.964853286743164,22.163852999296605,99,253,167,380.0,719.0
R4_East_Atlantic_A1,PACE_OCI.20250404T140333,PACE_OCI.20250404T140333.V3_L2_Rrs_L2GEN_MTS.tiff,2025-04-04T14:03:33,E:\Rrs\R4_East_Atlantic_A1\PACE_OCI.20250404T140333.V3_L2_Rrs_L2GEN_MTS.tiff,Rrs/R4_East_Atlantic_A1/PACE_OCI.20250404T140333.V3_L2_Rrs_L2GEN_MTS.tiff,<PACE_IMAGE_REPOSITORY_URL>,-25.16146278381348,-22.66807948986142,19.92326164245605,16.780438978916482,215,271,167,380.0,719.0
R4_East_Atlantic_A2,PACE_OCI.20250404T140333,PACE_OCI.20250404T140333.V3_L2_Rrs_L2GEN_MTS.tiff,2025-04-04T14:03:33,E:\Rrs\R4_East_Atlantic_A2\PACE_OCI.20250404T140333.V3_L2_Rrs_L2GEN_MTS.tiff,Rrs/R4_East_Atlantic_A2/PACE_OCI.20250404T140333.V3_L2_Rrs_L2GEN_MTS.tiff,<PACE_IMAGE_REPOSITORY_URL>,-23.93594741821289,-21.08691220590299,20.005712509155277,16.689435522026546,250,291,167,380.0,719.0
R4_East_Atlantic_B1,PACE_OCI.20250404T140333,PACE_OCI.20250404T140333.V3_L2_Rrs_L2GEN_MTS.tiff,2025-04-04T14:03:33,E:\Rrs\R4_East_Atlantic_B1\PACE_OCI.20250404T140333.V3_L2_Rrs_L2GEN_MTS.tiff,Rrs/R4_East_Atlantic_B1/PACE_OCI.20250404T140333.V3_L2_Rrs_L2GEN_MTS.tiff,<PACE_IMAGE_REPOSITORY_URL>,-25.456867218017575,-22.67302308879579,22.58812713623047,19.406590988548427,238,272,167,380.0,719.0
R4_East_Atlantic_B2,PACE_OCI.20250404T140333,PACE_OCI.20250404T140333.V3_L2_Rrs_L2GEN_MTS.tiff,2025-04-04T14:03:33,E:\Rrs\R4_East_Atlantic_B2\PACE_OCI.20250404T140333.V3_L2_Rrs_L2GEN_MTS.tiff,Rrs/R4_East_Atlantic_B2/PACE_OCI.20250404T140333.V3_L2_Rrs_L2GEN_MTS.tiff,<PACE_IMAGE_REPOSITORY_URL>,-23.935089111328125,-21.105226767696596,22.606569290161133,19.39490012238884,252,286,167,380.0,719.0
R4_East_Atlantic_C1,PACE_OCI.20250404T140333,PACE_OCI.20250404T140333.V3_L2_Rrs_L2GEN_MTS.tiff,2025-04-04T14:03:33,E:\Rrs\R4_East_Atlantic_C1\PACE_OCI.20250404T140333.V3_L2_Rrs_L2GEN_MTS.tiff,Rrs/R4_East_Atlantic_C1/PACE_OCI.20250404T140333.V3_L2_Rrs_L2GEN_MTS.tiff,<PACE_IMAGE_REPOSITORY_URL>,-25.4704704284668,-22.665942693272637,25.190052032470703,22.00622341505765,244,277,167,380.0,719.0
R4_East_Atlantic_C2,PACE_OCI.20250404T140333,PACE_OCI.20250404T140333.V3_L2_Rrs_L2GEN_MTS.tiff,2025-04-04T14:03:33,E:\Rrs\R4_East_Atlantic_C2\PACE_OCI.20250404T140333.V3_L2_Rrs_L2GEN_MTS.tiff,Rrs/R4_East_Atlantic_C2/PACE_OCI.20250404T140333.V3_L2_Rrs_L2GEN_MTS.tiff,<PACE_IMAGE_REPOSITORY_URL>,-23.93768310546875,-21.10606791268037,25.20580673217773,21.998117646597148,256,290,167,380.0,719.0
R4_East_Atlantic_A1,PACE_OCI.20250405T143859,PACE_OCI.20250405T143859.V3_L2_Rrs_L2GEN_MTS.tiff,2025-04-05T14:38:59,E:\Rrs\R4_East_Atlantic_A1\PACE_OCI.20250405T143859.V3_L2_Rrs_L2GEN_MTS.tiff,Rrs/R4_East_Atlantic_A1/PACE_OCI.20250405T143859.V3_L2_Rrs_L2GEN_MTS.tiff,<PACE_IMAGE_REPOSITORY_URL>,-25.02372169494629,-22.805622156491257,19.92891502380371,16.758542385069553,191,273,167,380.0,719.0
R4_East_Atlantic_A2,PACE_OCI.20250405T143859,PACE_OCI.20250405T143859.V3_L2_Rrs_L2GEN_MTS.tiff,2025-04-05T14:38:59,E:\Rrs\R4_East_Atlantic_A2\PACE_OCI.20250405T143859.V3_L2_Rrs_L2GEN_MTS.tiff,Rrs/R4_East_Atlantic_A2/PACE_OCI.20250405T143859.V3_L2_Rrs_L2GEN_MTS.tiff,<PACE_IMAGE_REPOSITORY_URL>,-23.807941436767575,-21.235657260997503,20.02332305908203,16.675661356644426,209,272,167,380.0,719.0
R4_East_Atlantic_B1,PACE_OCI.20250405T143859,PACE_OCI.20250405T143859.V3_L2_Rrs_L2GEN_MTS.tiff,2025-04-05T14:38:59,E:\Rrs\R4_East_Atlantic_B1\PACE_OCI.20250405T143859.V3_L2_Rrs_L2GEN_MTS.tiff,Rrs/R4_East_Atlantic_B1/PACE_OCI.20250405T143859.V3_L2_Rrs_L2GEN_MTS.tiff,<PACE_IMAGE_REPOSITORY_URL>,-25.31148910522461,-22.816959880855904,22.58572578430176,19.407599609024324,208,265,167,380.0,719.0
R4_East_Atlantic_B2,PACE_OCI.20250405T143859,PACE_OCI.20250405T143859.V3_L2_Rrs_L2GEN_MTS.tiff,2025-04-05T14:38:59,E:\Rrs\R4_East_Atlantic_B2\PACE_OCI.20250405T143859.V3_L2_Rrs_L2GEN_MTS.tiff,Rrs/R4_East_Atlantic_B2/PACE_OCI.20250405T143859.V3_L2_Rrs_L2GEN_MTS.tiff,<PACE_IMAGE_REPOSITORY_URL>,-23.77378845214844,-21.26266404417401,22.60482788085937,19.381593566145927,201,258,167,380.0,719.0
R4_East_Atlantic_C1,PACE_OCI.20250405T143859,PACE_OCI.20250405T143859.V3_L2_Rrs_L2GEN_MTS.tiff,2025-04-05T14:38:59,E:\Rrs\R4_East_Atlantic_C1\PACE_OCI.20250405T143859.V3_L2_Rrs_L2GEN_MTS.tiff,Rrs/R4_East_Atlantic_C1/PACE_OCI.20250405T143859.V3_L2_Rrs_L2GEN_MTS.tiff,<PACE_IMAGE_REPOSITORY_URL>,-25.304304122924805,-22.82786766348769,25.179107666015625,22.010725725265203,204,261,167,380.0,719.0
R4_East_Atlantic_C2,PACE_OCI.20250405T143859,PACE_OCI.20250405T143859.V3_L2_Rrs_L2GEN_MTS.tiff,2025-04-05T14:38:59,E:\Rrs\R4_East_Atlantic_C2\PACE_OCI.20250405T143859.V3_L2_Rrs_L2GEN_MTS.tiff,Rrs/R4_East_Atlantic_C2/PACE_OCI.20250405T143859.V3_L2_Rrs_L2GEN_MTS.tiff,<PACE_IMAGE_REPOSITORY_URL>,-23.770679473876957,-21.26180331595912,25.20108985900879,21.998805717746823,199,254,167,380.0,719.0
R2_NEPacific_BC_1,PACE_OCI.20250430T211634,PACE_OCI.20250430T211634.V3_L2_Rrs_L2GEN_MTS.tiff,2025-04-30T21:16:34,E:\Rrs\R2_NEPacific_BC_1\PACE_OCI.20250430T211634.V3_L2_Rrs_L2GEN_MTS.tiff,Rrs/R2_NEPacific_BC_1/PACE_OCI.20250430T211634.V3_L2_Rrs_L2GEN_MTS.tiff,<PACE_IMAGE_REPOSITORY_URL>,-128.31263732910156,-124.51699911231556,49.450439453125,48.05204642588805,171,63,167,380.0,719.0
R2_NEPacific_BC_2,PACE_OCI.20250430T211634,PACE_OCI.20250430T211634.V3_L2_Rrs_L2GEN_MTS.tiff,2025-04-30T21:16:34,E:\Rrs\R2_NEPacific_BC_2\PACE_OCI.20250430T211634.V3_L2_Rrs_L2GEN_MTS.tiff,Rrs/R2_NEPacific_BC_2/PACE_OCI.20250430T211634.V3_L2_Rrs_L2GEN_MTS.tiff,<PACE_IMAGE_REPOSITORY_URL>,-131.1501922607422,-128.08371966362373,49.49757385253906,48.19765612115189,184,78,167,380.0,719.0
R2_NEPacific_BC_3,PACE_OCI.20250430T211634,PACE_OCI.20250430T211634.V3_L2_Rrs_L2GEN_MTS.tiff,2025-04-30T21:16:34,E:\Rrs\R2_NEPacific_BC_3\PACE_OCI.20250430T211634.V3_L2_Rrs_L2GEN_MTS.tiff,Rrs/R2_NEPacific_BC_3/PACE_OCI.20250430T211634.V3_L2_Rrs_L2GEN_MTS.tiff,<PACE_IMAGE_REPOSITORY_URL>,-134.43966674804688,-130.99210598573185,49.803070068359375,48.40385084683402,239,97,167,380.0,719.0
R2_NEPacific_BC_4,PACE_OCI.20250430T211634,PACE_OCI.20250430T211634.V3_L2_Rrs_L2GEN_MTS.tiff,2025-04-30T21:16:34,E:\Rrs\R2_NEPacific_BC_4\PACE_OCI.20250430T211634.V3_L2_Rrs_L2GEN_MTS.tiff,Rrs/R2_NEPacific_BC_4/PACE_OCI.20250430T211634.V3_L2_Rrs_L2GEN_MTS.tiff,<PACE_IMAGE_REPOSITORY_URL>,-136.69944763183594,-133.83138505101874,49.91391372680664,48.574582615953325,212,99,167,380.0,719.0
R2_NEPacific_BC_5,PACE_OCI.20250430T211634,PACE_OCI.20250430T211634.V3_L2_Rrs_L2GEN_MTS.tiff,2025-04-30T21:16:34,E:\Rrs\R2_NEPacific_BC_5\PACE_OCI.20250430T211634.V3_L2_Rrs_L2GEN_MTS.tiff,Rrs/R2_NEPacific_BC_5/PACE_OCI.20250430T211634.V3_L2_Rrs_L2GEN_MTS.tiff,<PACE_IMAGE_REPOSITORY_URL>,-141.47872924804688,-134.61688581672055,51.079891204833984,47.91747640604882,460,212,167,380.0,719.0
R2_NEPacific_BC_6,PACE_OCI.20250430T211634,PACE_OCI.20250430T211634.V3_L2_Rrs_L2GEN_MTS.tiff,2025-04-30T21:16:34,E:\Rrs\R2_NEPacific_BC_6\PACE_OCI.20250430T211634.V3_L2_Rrs_L2GEN_MTS.tiff,Rrs/R2_NEPacific_BC_6/PACE_OCI.20250430T211634.V3_L2_Rrs_L2GEN_MTS.tiff,<PACE_IMAGE_REPOSITORY_URL>,-145.2004852294922,-140.8233453148297,50.99989318847656,49.00673126304989,224,102,167,380.0,719.0
R2_NEPacific_BC,PACE_OCI.20250501T215153,PACE_OCI.20250501T215153.V3_L2_Rrs_L2GEN_MTS.tiff,2025-05-01T21:51:53,E:\Rrs\R2_NEPacific_BC\PACE_OCI.20250501T215153.V3_L2_Rrs_L2GEN_MTS.tiff,Rrs/R2_NEPacific_BC/PACE_OCI.20250501T215153.V3_L2_Rrs_L2GEN_MTS.tiff,<PACE_IMAGE_REPOSITORY_URL>,-146.45301818847656,-124.38945254069333,53.404258728027344,45.1248724235775,994,373,167,380.0,719.0
R2_NEPacific_BC_1,PACE_OCI.20250501T215153,PACE_OCI.20250501T215153.V3_L2_Rrs_L2GEN_MTS.tiff,2025-05-01T21:51:53,E:\Rrs\R2_NEPacific_BC_1\PACE_OCI.20250501T215153.V3_L2_Rrs_L2GEN_MTS.tiff,Rrs/R2_NEPacific_BC_1/PACE_OCI.20250501T215153.V3_L2_Rrs_L2GEN_MTS.tiff,<PACE_IMAGE_REPOSITORY_URL>,-128.22755432128906,-124.60922163970228,49.28882598876953,48.17865573419177,88,27,167,380.0,719.0
R2_NEPacific_BC_2,PACE_OCI.20250501T215153,PACE_OCI.20250501T215153.V3_L2_Rrs_L2GEN_MTS.tiff,2025-05-01T21:51:53,E:\Rrs\R2_NEPacific_BC_2\PACE_OCI.20250501T215153.V3_L2_Rrs_L2GEN_MTS.tiff,Rrs/R2_NEPacific_BC_2/PACE_OCI.20250501T215153.V3_L2_Rrs_L2GEN_MTS.tiff,<PACE_IMAGE_REPOSITORY_URL>,-131.04287719726562,-128.20478386166678,49.37255096435547,48.3121644433625,91,34,167,380.0,719.0
R2_NEPacific_BC_3,PACE_OCI.20250501T215153,PACE_OCI.20250501T215153.V3_L2_Rrs_L2GEN_MTS.tiff,2025-05-01T21:51:53,E:\Rrs\R2_NEPacific_BC_3\PACE_OCI.20250501T215153.V3_L2_Rrs_L2GEN_MTS.tiff,Rrs/R2_NEPacific_BC_3/PACE_OCI.20250501T215153.V3_L2_Rrs_L2GEN_MTS.tiff,<PACE_IMAGE_REPOSITORY_URL>,-134.36123657226562,-131.06686538188598,49.654544830322266,48.528264081474525,117,40,167,380.0,719.0
R2_NEPacific_BC_4,PACE_OCI.20250501T215153,PACE_OCI.20250501T215153.V3_L2_Rrs_L2GEN_MTS.tiff,2025-05-01T21:51:53,E:\Rrs\R2_NEPacific_BC_4\PACE_OCI.20250501T215153.V3_L2_Rrs_L2GEN_MTS.tiff,Rrs/R2_NEPacific_BC_4/PACE_OCI.20250501T215153.V3_L2_Rrs_L2GEN_MTS.tiff,<PACE_IMAGE_REPOSITORY_URL>,-136.61070251464844,-133.9084345033915,49.81536483764648,48.68764669121643,127,53,167,380.0,719.0
R2_NEPacific_BC_5,PACE_OCI.20250501T215153,PACE_OCI.20250501T215153.V3_L2_Rrs_L2GEN_MTS.tiff,2025-05-01T21:51:53,E:\Rrs\R2_NEPacific_BC_5\PACE_OCI.20250501T215153.V3_L2_Rrs_L2GEN_MTS.tiff,Rrs/R2_NEPacific_BC_5/PACE_OCI.20250501T215153.V3_L2_Rrs_L2GEN_MTS.tiff,<PACE_IMAGE_REPOSITORY_URL>,-141.32931518554688,-134.7873348739503,50.825809478759766,48.15197556393828,367,150,167,380.0,719.0
R2_NEPacific_BC_6,PACE_OCI.20250501T215153,PACE_OCI.20250501T215153.V3_L2_Rrs_L2GEN_MTS.tiff,2025-05-01T21:51:53,E:\Rrs\R2_NEPacific_BC_6\PACE_OCI.20250501T215153.V3_L2_Rrs_L2GEN_MTS.tiff,Rrs/R2_NEPacific_BC_6/PACE_OCI.20250501T215153.V3_L2_Rrs_L2GEN_MTS.tiff,<PACE_IMAGE_REPOSITORY_URL>,-145.14947509765625,-140.86878697418967,50.84171676635742,49.14667918726664,298,118,167,380.0,719.0
R2_NEPacific_BC,PACE_OCI.20250505T205626,PACE_OCI.20250505T205626.V3_L2_Rrs_L2GEN_MTS.tiff,2025-05-05T20:56:26,E:\Rrs\R2_NEPacific_BC\PACE_OCI.20250505T205626.V3_L2_Rrs_L2GEN_MTS.tiff,Rrs/R2_NEPacific_BC/PACE_OCI.20250505T205626.V3_L2_Rrs_L2GEN_MTS.tiff,<PACE_IMAGE_REPOSITORY_URL>,-147.12850952148438,-123.60798569826342,54.90175247192383,43.99291223717203,1326,615,167,380.0,719.0
R2_NEPacific_BC_1,PACE_OCI.20250505T205626,PACE_OCI.20250505T205626.V3_L2_Rrs_L2GEN_MTS.tiff,2025-05-05T20:56:26,E:\Rrs\R2_NEPacific_BC_1\PACE_OCI.20250505T205626.V3_L2_Rrs_L2GEN_MTS.tiff,Rrs/R2_NEPacific_BC_1/PACE_OCI.20250505T205626.V3_L2_Rrs_L2GEN_MTS.tiff,<PACE_IMAGE_REPOSITORY_URL>,-128.3725128173828,-124.47065495818572,49.54267883300781,47.95192139810439,260,106,167,380.0,719.0
R2_NEPacific_BC_2,PACE_OCI.20250505T205626,PACE_OCI.20250505T205626.V3_L2_Rrs_L2GEN_MTS.tiff,2025-05-05T20:56:26,E:\Rrs\R2_NEPacific_BC_2\PACE_OCI.20250505T205626.V3_L2_Rrs_L2GEN_MTS.tiff,Rrs/R2_NEPacific_BC_2/PACE_OCI.20250505T205626.V3_L2_Rrs_L2GEN_MTS.tiff,<PACE_IMAGE_REPOSITORY_URL>,-131.19317626953125,-128.04347791878078,49.55988311767578,48.1343730882413,232,105,167,380.0,719.0
R2_NEPacific_BC_3,PACE_OCI.20250505T205626,PACE_OCI.20250505T205626.V3_L2_Rrs_L2GEN_MTS.tiff,2025-05-05T20:56:26,E:\Rrs\R2_NEPacific_BC_3\PACE_OCI.20250505T205626.V3_L2_Rrs_L2GEN_MTS.tiff,Rrs/R2_NEPacific_BC_3/PACE_OCI.20250505T205626.V3_L2_Rrs_L2GEN_MTS.tiff,<PACE_IMAGE_REPOSITORY_URL>,-134.47344970703125,-130.96241166745773,49.87687683105469,48.33799632860332,235,103,167,380.0,719.0
R2_NEPacific_BC_4,PACE_OCI.20250505T205626,PACE_OCI.20250505T205626.V3_L2_Rrs_L2GEN_MTS.tiff,2025-05-05T20:56:26,E:\Rrs\R2_NEPacific_BC_4\PACE_OCI.20250505T205626.V3_L2_Rrs_L2GEN_MTS.tiff,Rrs/R2_NEPacific_BC_4/PACE_OCI.20250505T205626.V3_L2_Rrs_L2GEN_MTS.tiff,<PACE_IMAGE_REPOSITORY_URL>,-136.73007202148438,-133.77926411699443,49.967655181884766,48.52467769012871,182,89,167,380.0,719.0
R2_NEPacific_BC_5,PACE_OCI.20250505T205626,PACE_OCI.20250505T205626.V3_L2_Rrs_L2GEN_MTS.tiff,2025-05-05T20:56:26,E:\Rrs\R2_NEPacific_BC_5\PACE_OCI.20250505T205626.V3_L2_Rrs_L2GEN_MTS.tiff,Rrs/R2_NEPacific_BC_5/PACE_OCI.20250505T205626.V3_L2_Rrs_L2GEN_MTS.tiff,<PACE_IMAGE_REPOSITORY_URL>,-141.5420379638672,-134.54932402501507,51.21317672729492,47.81080784844483,372,181,167,380.0,719.0
R2_NEPacific_BC_6,PACE_OCI.20250505T205626,PACE_OCI.20250505T205626.V3_L2_Rrs_L2GEN_MTS.tiff,2025-05-05T20:56:26,E:\Rrs\R2_NEPacific_BC_6\PACE_OCI.20250505T205626.V3_L2_Rrs_L2GEN_MTS.tiff,Rrs/R2_NEPacific_BC_6/PACE_OCI.20250505T205626.V3_L2_Rrs_L2GEN_MTS.tiff,<PACE_IMAGE_REPOSITORY_URL>,-145.20205688476562,-140.77060975546274,51.08245086669922,48.935968663443134,192,93,167,380.0,719.0
R2_NEPacific_BC_1,PACE_OCI.20250506T213144,PACE_OCI.20250506T213144.V3_L2_Rrs_L2GEN_MTS.tiff,2025-05-06T21:31:44,E:\Rrs\R2_NEPacific_BC_1\PACE_OCI.20250506T213144.V3_L2_Rrs_L2GEN_MTS.tiff,Rrs/R2_NEPacific_BC_1/PACE_OCI.20250506T213144.V3_L2_Rrs_L2GEN_MTS.tiff,<PACE_IMAGE_REPOSITORY_URL>,-128.2947998046875,-124.52900548398532,49.39080429077149,48.09537104444994,125,43,167,380.0,719.0
R2_NEPacific_BC_1,PACE_OCI.20250516T205124,PACE_OCI.20250516T205124.V3_L2_Rrs_L2GEN_MTS.tiff,2025-05-16T20:51:24,E:\Rrs\R2_NEPacific_BC_1\PACE_OCI.20250516T205124.V3_L2_Rrs_L2GEN_MTS.tiff,Rrs/R2_NEPacific_BC_1/PACE_OCI.20250516T205124.V3_L2_Rrs_L2GEN_MTS.tiff,<PACE_IMAGE_REPOSITORY_URL>,-128.3848876953125,-124.44648314358916,49.5708236694336,47.91923466387219,279,117,167,380.0,719.0
R2_NEPacific_BC_2,PACE_OCI.20250516T205124,PACE_OCI.20250516T205124.V3_L2_Rrs_L2GEN_MTS.tiff,2025-05-16T20:51:24,E:\Rrs\R2_NEPacific_BC_2\PACE_OCI.20250516T205124.V3_L2_Rrs_L2GEN_MTS.tiff,Rrs/R2_NEPacific_BC_2/PACE_OCI.20250516T205124.V3_L2_Rrs_L2GEN_MTS.tiff,<PACE_IMAGE_REPOSITORY_URL>,-131.20870971679688,-128.0232184108828,49.58334732055664,48.11525132739624,230,106,167,380.0,719.0
R2_NEPacific_BC_3,PACE_OCI.20250516T205124,PACE_OCI.20250516T205124.V3_L2_Rrs_L2GEN_MTS.tiff,2025-05-16T20:51:24,E:\Rrs\R2_NEPacific_BC_3\PACE_OCI.20250516T205124.V3_L2_Rrs_L2GEN_MTS.tiff,Rrs/R2_NEPacific_BC_3/PACE_OCI.20250516T205124.V3_L2_Rrs_L2GEN_MTS.tiff,<PACE_IMAGE_REPOSITORY_URL>,-134.48483276367188,-130.9343254257827,49.89273452758789,48.311144895255445,220,98,167,380.0,719.0
R2_NEPacific_BC_4,PACE_OCI.20250516T205124,PACE_OCI.20250516T205124.V3_L2_Rrs_L2GEN_MTS.tiff,2025-05-16T20:51:24,E:\Rrs\R2_NEPacific_BC_4\PACE_OCI.20250516T205124.V3_L2_Rrs_L2GEN_MTS.tiff,Rrs/R2_NEPacific_BC_4/PACE_OCI.20250516T205124.V3_L2_Rrs_L2GEN_MTS.tiff,<PACE_IMAGE_REPOSITORY_URL>,-136.74525451660156,-133.78181966476447,49.99176025390625,48.5274747977044,170,84,167,380.0,719.0
R2_NEPacific_BC_5,PACE_OCI.20250516T205124,PACE_OCI.20250516T205124.V3_L2_Rrs_L2GEN_MTS.tiff,2025-05-16T20:51:24,E:\Rrs\R2_NEPacific_BC_5\PACE_OCI.20250516T205124.V3_L2_Rrs_L2GEN_MTS.tiff,Rrs/R2_NEPacific_BC_5/PACE_OCI.20250516T205124.V3_L2_Rrs_L2GEN_MTS.tiff,<PACE_IMAGE_REPOSITORY_URL>,-141.5812225341797,-134.5150040183298,51.25085067749024,47.77762462732672,354,174,167,380.0,719.0
R2_NEPacific_BC_6,PACE_OCI.20250516T205124,PACE_OCI.20250516T205124.V3_L2_Rrs_L2GEN_MTS.tiff,2025-05-16T20:51:24,E:\Rrs\R2_NEPacific_BC_6\PACE_OCI.20250516T205124.V3_L2_Rrs_L2GEN_MTS.tiff,Rrs/R2_NEPacific_BC_6/PACE_OCI.20250516T205124.V3_L2_Rrs_L2GEN_MTS.tiff,<PACE_IMAGE_REPOSITORY_URL>,-145.19728088378906,-140.7746789657656,51.09272003173828,48.93991909809724,189,92,167,380.0,719.0
R2_NEPacific_BC_1,PACE_OCI.20250517T212643,PACE_OCI.20250517T212643.V3_L2_Rrs_L2GEN_MTS.tiff,2025-05-17T21:26:43,E:\Rrs\R2_NEPacific_BC_1\PACE_OCI.20250517T212643.V3_L2_Rrs_L2GEN_MTS.tiff,Rrs/R2_NEPacific_BC_1/PACE_OCI.20250517T212643.V3_L2_Rrs_L2GEN_MTS.tiff,<PACE_IMAGE_REPOSITORY_URL>,-128.28509521484375,-124.55513956677602,49.41258239746094,48.08045538029389,140,50,167,380.0,719.0
R2_NEPacific_BC_2,PACE_OCI.20250517T212643,PACE_OCI.20250517T212643.V3_L2_Rrs_L2GEN_MTS.tiff,2025-05-17T21:26:43,E:\Rrs\R2_NEPacific_BC_2\PACE_OCI.20250517T212643.V3_L2_Rrs_L2GEN_MTS.tiff,Rrs/R2_NEPacific_BC_2/PACE_OCI.20250517T212643.V3_L2_Rrs_L2GEN_MTS.tiff,<PACE_IMAGE_REPOSITORY_URL>,-131.12908935546875,-128.12011725883823,49.457855224609375,48.23051134308903,152,62,167,380.0,719.0
R2_NEPacific_BC_3,PACE_OCI.20250517T212643,PACE_OCI.20250517T212643.V3_L2_Rrs_L2GEN_MTS.tiff,2025-05-17T21:26:43,E:\Rrs\R2_NEPacific_BC_3\PACE_OCI.20250517T212643.V3_L2_Rrs_L2GEN_MTS.tiff,Rrs/R2_NEPacific_BC_3/PACE_OCI.20250517T212643.V3_L2_Rrs_L2GEN_MTS.tiff,<PACE_IMAGE_REPOSITORY_URL>,-134.4179229736328,-131.00185182951392,49.767826080322266,48.44025340820024,211,82,167,380.0,719.0
R2_NEPacific_BC_4,PACE_OCI.20250517T212643,PACE_OCI.20250517T212643.V3_L2_Rrs_L2GEN_MTS.tiff,2025-05-17T21:26:43,E:\Rrs\R2_NEPacific_BC_4\PACE_OCI.20250517T212643.V3_L2_Rrs_L2GEN_MTS.tiff,Rrs/R2_NEPacific_BC_4/PACE_OCI.20250517T212643.V3_L2_Rrs_L2GEN_MTS.tiff,<PACE_IMAGE_REPOSITORY_URL>,-136.6708221435547,-133.8529028004528,49.888465881347656,48.61137928250345,203,92,167,380.0,719.0
R2_NEPacific_BC_5,PACE_OCI.20250517T212643,PACE_OCI.20250517T212643.V3_L2_Rrs_L2GEN_MTS.tiff,2025-05-17T21:26:43,E:\Rrs\R2_NEPacific_BC_5\PACE_OCI.20250517T212643.V3_L2_Rrs_L2GEN_MTS.tiff,Rrs/R2_NEPacific_BC_5/PACE_OCI.20250517T212643.V3_L2_Rrs_L2GEN_MTS.tiff,<PACE_IMAGE_REPOSITORY_URL>,-141.43942260742188,-134.65628177238744,51.01447296142578,47.98400920631646,479,214,167,380.0,719.0
R2_NEPacific_BC_6,PACE_OCI.20250517T212643,PACE_OCI.20250517T212643.V3_L2_Rrs_L2GEN_MTS.tiff,2025-05-17T21:26:43,E:\Rrs\R2_NEPacific_BC_6\PACE_OCI.20250517T212643.V3_L2_Rrs_L2GEN_MTS.tiff,Rrs/R2_NEPacific_BC_6/PACE_OCI.20250517T212643.V3_L2_Rrs_L2GEN_MTS.tiff,<PACE_IMAGE_REPOSITORY_URL>,-145.20033264160156,-140.83144427629665,50.956092834472656,49.05125750719972,250,109,167,380.0,719.0
R2_NEPacific_BC_1,PACE_OCI.20250518T202341,PACE_OCI.20250518T202341.V3_L2_Rrs_L2GEN_MTS.tiff,2025-05-18T20:23:41,E:\Rrs\R2_NEPacific_BC_1\PACE_OCI.20250518T202341.V3_L2_Rrs_L2GEN_MTS.tiff,Rrs/R2_NEPacific_BC_1/PACE_OCI.20250518T202341.V3_L2_Rrs_L2GEN_MTS.tiff,<PACE_IMAGE_REPOSITORY_URL>,-128.44161987304688,-124.39960836779191,49.68953704833984,47.81885403764334,242,112,167,380.0,719.0
R2_NEPacific_BC_2,PACE_OCI.20250518T202341,PACE_OCI.20250518T202341.V3_L2_Rrs_L2GEN_MTS.tiff,2025-05-18T20:23:41,E:\Rrs\R2_NEPacific_BC_2\PACE_OCI.20250518T202341.V3_L2_Rrs_L2GEN_MTS.tiff,Rrs/R2_NEPacific_BC_2/PACE_OCI.20250518T202341.V3_L2_Rrs_L2GEN_MTS.tiff,<PACE_IMAGE_REPOSITORY_URL>,-131.23825073242188,-127.97857781118334,49.6578483581543,48.046963484286415,172,85,167,380.0,719.0
R2_NEPacific_BC_3,PACE_OCI.20250518T202341,PACE_OCI.20250518T202341.V3_L2_Rrs_L2GEN_MTS.tiff,2025-05-18T20:23:41,E:\Rrs\R2_NEPacific_BC_3\PACE_OCI.20250518T202341.V3_L2_Rrs_L2GEN_MTS.tiff,Rrs/R2_NEPacific_BC_3/PACE_OCI.20250518T202341.V3_L2_Rrs_L2GEN_MTS.tiff,<PACE_IMAGE_REPOSITORY_URL>,-134.52139282226562,-130.8900419467233,49.98672866821289,48.23748038060409,164,79,167,380.0,719.0
R2_NEPacific_BC_4,PACE_OCI.20250518T202341,PACE_OCI.20250518T202341.V3_L2_Rrs_L2GEN_MTS.tiff,2025-05-18T20:23:41,E:\Rrs\R2_NEPacific_BC_4\PACE_OCI.20250518T202341.V3_L2_Rrs_L2GEN_MTS.tiff,Rrs/R2_NEPacific_BC_4/PACE_OCI.20250518T202341.V3_L2_Rrs_L2GEN_MTS.tiff,<PACE_IMAGE_REPOSITORY_URL>,-136.77796936035156,-133.73961138834704,50.05710983276367,48.46558899028511,147,77,167,380.0,719.0
R2_NEPacific_BC_5,PACE_OCI.20250518T202341,PACE_OCI.20250518T202341.V3_L2_Rrs_L2GEN_MTS.tiff,2025-05-18T20:23:41,E:\Rrs\R2_NEPacific_BC_5\PACE_OCI.20250518T202341.V3_L2_Rrs_L2GEN_MTS.tiff,Rrs/R2_NEPacific_BC_5/PACE_OCI.20250518T202341.V3_L2_Rrs_L2GEN_MTS.tiff,<PACE_IMAGE_REPOSITORY_URL>,-141.51998901367188,-134.4172407001735,51.39944076538086,47.67995422251335,338,177,167,380.0,719.0
R2_NEPacific_BC_6,PACE_OCI.20250518T202341,PACE_OCI.20250518T202341.V3_L2_Rrs_L2GEN_MTS.tiff,2025-05-18T20:23:41,E:\Rrs\R2_NEPacific_BC_6\PACE_OCI.20250518T202341.V3_L2_Rrs_L2GEN_MTS.tiff,Rrs/R2_NEPacific_BC_6/PACE_OCI.20250518T202341.V3_L2_Rrs_L2GEN_MTS.tiff,<PACE_IMAGE_REPOSITORY_URL>,-141.877197265625,-140.805682426009,50.38726425170898,49.6984332833844,84,54,167,380.0,719.0
R2_NEPacific_BC_1,PACE_OCI.20250519T205902,PACE_OCI.20250519T205902.V3_L2_Rrs_L2GEN_MTS.tiff,2025-05-19T20:59:02,E:\Rrs\R2_NEPacific_BC_1\PACE_OCI.20250519T205902.V3_L2_Rrs_L2GEN_MTS.tiff,Rrs/R2_NEPacific_BC_1/PACE_OCI.20250519T205902.V3_L2_Rrs_L2GEN_MTS.tiff,<PACE_IMAGE_REPOSITORY_URL>,-128.36346435546875,-124.47445188690918,49.533180236816406,47.95613974759736,254,103,167,380.0,719.0
R2_NEPacific_BC_2,PACE_OCI.20250519T205902,PACE_OCI.20250519T205902.V3_L2_Rrs_L2GEN_MTS.tiff,2025-05-19T20:59:02,E:\Rrs\R2_NEPacific_BC_2\PACE_OCI.20250519T205902.V3_L2_Rrs_L2GEN_MTS.tiff,Rrs/R2_NEPacific_BC_2/PACE_OCI.20250519T205902.V3_L2_Rrs_L2GEN_MTS.tiff,<PACE_IMAGE_REPOSITORY_URL>,-131.18797302246094,-128.05248336397608,49.5600814819336,48.14843245820015,231,104,167,380.0,719.0
R2_NEPacific_BC_3,PACE_OCI.20250519T205902,PACE_OCI.20250519T205902.V3_L2_Rrs_L2GEN_MTS.tiff,2025-05-19T20:59:02,E:\Rrs\R2_NEPacific_BC_3\PACE_OCI.20250519T205902.V3_L2_Rrs_L2GEN_MTS.tiff,Rrs/R2_NEPacific_BC_3/PACE_OCI.20250519T205902.V3_L2_Rrs_L2GEN_MTS.tiff,<PACE_IMAGE_REPOSITORY_URL>,-134.4693145751953,-130.9470647099006,49.865509033203125,48.33281453115019,239,104,167,380.0,719.0
R2_NEPacific_BC_4,PACE_OCI.20250519T205902,PACE_OCI.20250519T205902.V3_L2_Rrs_L2GEN_MTS.tiff,2025-05-19T20:59:02,E:\Rrs\R2_NEPacific_BC_4\PACE_OCI.20250519T205902.V3_L2_Rrs_L2GEN_MTS.tiff,Rrs/R2_NEPacific_BC_4/PACE_OCI.20250519T205902.V3_L2_Rrs_L2GEN_MTS.tiff,<PACE_IMAGE_REPOSITORY_URL>,-136.72348022460938,-133.7804808365747,49.97336196899414,48.54163253697728,185,90,167,380.0,719.0
R2_NEPacific_BC_5,PACE_OCI.20250519T205902,PACE_OCI.20250519T205902.V3_L2_Rrs_L2GEN_MTS.tiff,2025-05-19T20:59:02,E:\Rrs\R2_NEPacific_BC_5\PACE_OCI.20250519T205902.V3_L2_Rrs_L2GEN_MTS.tiff,Rrs/R2_NEPacific_BC_5/PACE_OCI.20250519T205902.V3_L2_Rrs_L2GEN_MTS.tiff,<PACE_IMAGE_REPOSITORY_URL>,-141.5389404296875,-134.55759375508632,51.20003890991211,47.81121545778474,377,183,167,380.0,719.0
R2_NEPacific_BC_6,PACE_OCI.20250519T205902,PACE_OCI.20250519T205902.V3_L2_Rrs_L2GEN_MTS.tiff,2025-05-19T20:59:02,E:\Rrs\R2_NEPacific_BC_6\PACE_OCI.20250519T205902.V3_L2_Rrs_L2GEN_MTS.tiff,Rrs/R2_NEPacific_BC_6/PACE_OCI.20250519T205902.V3_L2_Rrs_L2GEN_MTS.tiff,<PACE_IMAGE_REPOSITORY_URL>,-145.20684814453125,-140.78849461804526,51.06204605102539,48.95696662217605,191,91,167,380.0,719.0
R2_NEPacific_BC_1,PACE_OCI.20250520T213421,PACE_OCI.20250520T213421.V3_L2_Rrs_L2GEN_MTS.tiff,2025-05-20T21:34:21,E:\Rrs\R2_NEPacific_BC_1\PACE_OCI.20250520T213421.V3_L2_Rrs_L2GEN_MTS.tiff,Rrs/R2_NEPacific_BC_1/PACE_OCI.20250520T213421.V3_L2_Rrs_L2GEN_MTS.tiff,<PACE_IMAGE_REPOSITORY_URL>,-128.26568603515625,-124.55278064387568,49.38329315185547,48.11471714316794,120,41,167,380.0,719.0
R2_NEPacific_BC_2,PACE_OCI.20250520T213421,PACE_OCI.20250520T213421.V3_L2_Rrs_L2GEN_MTS.tiff,2025-05-20T21:34:21,E:\Rrs\R2_NEPacific_BC_2\PACE_OCI.20250520T213421.V3_L2_Rrs_L2GEN_MTS.tiff,Rrs/R2_NEPacific_BC_2/PACE_OCI.20250520T213421.V3_L2_Rrs_L2GEN_MTS.tiff,<PACE_IMAGE_REPOSITORY_URL>,-131.10292053222656,-128.1191395427822,49.4390754699707,48.24556307419296,130,52,167,380.0,719.0
R2_NEPacific_BC_3,PACE_OCI.20250520T213421,PACE_OCI.20250520T213421.V3_L2_Rrs_L2GEN_MTS.tiff,2025-05-20T21:34:21,E:\Rrs\R2_NEPacific_BC_3\PACE_OCI.20250520T213421.V3_L2_Rrs_L2GEN_MTS.tiff,Rrs/R2_NEPacific_BC_3/PACE_OCI.20250520T213421.V3_L2_Rrs_L2GEN_MTS.tiff,<PACE_IMAGE_REPOSITORY_URL>,-134.4054412841797,-131.0180242768065,49.73208618164063,48.45946542748937,181,68,167,380.0,719.0
R2_NEPacific_BC_4,PACE_OCI.20250520T213421,PACE_OCI.20250520T213421.V3_L2_Rrs_L2GEN_MTS.tiff,2025-05-20T21:34:21,E:\Rrs\R2_NEPacific_BC_4\PACE_OCI.20250520T213421.V3_L2_Rrs_L2GEN_MTS.tiff,Rrs/R2_NEPacific_BC_4/PACE_OCI.20250520T213421.V3_L2_Rrs_L2GEN_MTS.tiff,<PACE_IMAGE_REPOSITORY_URL>,-136.664794921875,-133.8634933938076,49.8686637878418,48.61862063284399,186,83,167,380.0,719.0
R2_NEPacific_BC_5,PACE_OCI.20250520T213421,PACE_OCI.20250520T213421.V3_L2_Rrs_L2GEN_MTS.tiff,2025-05-20T21:34:21,E:\Rrs\R2_NEPacific_BC_5\PACE_OCI.20250520T213421.V3_L2_Rrs_L2GEN_MTS.tiff,Rrs/R2_NEPacific_BC_5/PACE_OCI.20250520T213421.V3_L2_Rrs_L2GEN_MTS.tiff,<PACE_IMAGE_REPOSITORY_URL>,-141.40740966796875,-134.705181260304,50.9579963684082,48.03287125828332,472,206,167,380.0,719.0
R2_NEPacific_BC_6,PACE_OCI.20250520T213421,PACE_OCI.20250520T213421.V3_L2_Rrs_L2GEN_MTS.tiff,2025-05-20T21:34:21,E:\Rrs\R2_NEPacific_BC_6\PACE_OCI.20250520T213421.V3_L2_Rrs_L2GEN_MTS.tiff,Rrs/R2_NEPacific_BC_6/PACE_OCI.20250520T213421.V3_L2_Rrs_L2GEN_MTS.tiff,<PACE_IMAGE_REPOSITORY_URL>,-145.17312622070312,-140.8490013806123,50.92808151245117,49.08164864277735,274,117,167,380.0,719.0
R2_NEPacific_BC_1,PACE_OCI.20250521T203119,PACE_OCI.20250521T203119.V3_L2_Rrs_L2GEN_MTS.tiff,2025-05-21T20:31:19,E:\Rrs\R2_NEPacific_BC_1\PACE_OCI.20250521T203119.V3_L2_Rrs_L2GEN_MTS.tiff,Rrs/R2_NEPacific_BC_1/PACE_OCI.20250521T203119.V3_L2_Rrs_L2GEN_MTS.tiff,<PACE_IMAGE_REPOSITORY_URL>,-128.4185333251953,-124.41793413330834,49.652305603027344,47.849005209714655,264,119,167,380.0,719.0
R2_NEPacific_BC_2,PACE_OCI.20250521T203119,PACE_OCI.20250521T203119.V3_L2_Rrs_L2GEN_MTS.tiff,2025-05-21T20:31:19,E:\Rrs\R2_NEPacific_BC_2\PACE_OCI.20250521T203119.V3_L2_Rrs_L2GEN_MTS.tiff,Rrs/R2_NEPacific_BC_2/PACE_OCI.20250521T203119.V3_L2_Rrs_L2GEN_MTS.tiff,<PACE_IMAGE_REPOSITORY_URL>,-131.23880004882812,-127.9834796492774,49.638763427734375,48.0636083956937,186,90,167,380.0,719.0
R2_NEPacific_BC_3,PACE_OCI.20250521T203119,PACE_OCI.20250521T203119.V3_L2_Rrs_L2GEN_MTS.tiff,2025-05-21T20:31:19,E:\Rrs\R2_NEPacific_BC_3\PACE_OCI.20250521T203119.V3_L2_Rrs_L2GEN_MTS.tiff,Rrs/R2_NEPacific_BC_3/PACE_OCI.20250521T203119.V3_L2_Rrs_L2GEN_MTS.tiff,<PACE_IMAGE_REPOSITORY_URL>,-134.5199737548828,-130.91632627515588,49.95907211303711,48.23015453605829,173,83,167,380.0,719.0
R2_NEPacific_BC_4,PACE_OCI.20250521T203119,PACE_OCI.20250521T203119.V3_L2_Rrs_L2GEN_MTS.tiff,2025-05-21T20:31:19,E:\Rrs\R2_NEPacific_BC_4\PACE_OCI.20250521T203119.V3_L2_Rrs_L2GEN_MTS.tiff,Rrs/R2_NEPacific_BC_4/PACE_OCI.20250521T203119.V3_L2_Rrs_L2GEN_MTS.tiff,<PACE_IMAGE_REPOSITORY_URL>,-136.75244140625,-133.72159063001533,50.03169250488281,48.465413915821934,149,77,167,380.0,719.0
R2_NEPacific_BC_5,PACE_OCI.20250521T203119,PACE_OCI.20250521T203119.V3_L2_Rrs_L2GEN_MTS.tiff,2025-05-21T20:31:19,E:\Rrs\R2_NEPacific_BC_5\PACE_OCI.20250521T203119.V3_L2_Rrs_L2GEN_MTS.tiff,Rrs/R2_NEPacific_BC_5/PACE_OCI.20250521T203119.V3_L2_Rrs_L2GEN_MTS.tiff,<PACE_IMAGE_REPOSITORY_URL>,-141.58538818359375,-134.45653502539278,51.34861373901367,47.67682491355474,332,171,167,380.0,719.0
R2_NEPacific_BC_6,PACE_OCI.20250521T203119,PACE_OCI.20250521T203119.V3_L2_Rrs_L2GEN_MTS.tiff,2025-05-21T20:31:19,E:\Rrs\R2_NEPacific_BC_6\PACE_OCI.20250521T203119.V3_L2_Rrs_L2GEN_MTS.tiff,Rrs/R2_NEPacific_BC_6/PACE_OCI.20250521T203119.V3_L2_Rrs_L2GEN_MTS.tiff,<PACE_IMAGE_REPOSITORY_URL>,-143.7481689453125,-140.76480601303751,50.85556411743164,49.23877388316649,155,84,167,380.0,719.0
R2_NEPacific_BC_1,PACE_OCI.20250522T210638,PACE_OCI.20250522T210638.V3_L2_Rrs_L2GEN_MTS.tiff,2025-05-22T21:06:38,E:\Rrs\R2_NEPacific_BC_1\PACE_OCI.20250522T210638.V3_L2_Rrs_L2GEN_MTS.tiff,Rrs/R2_NEPacific_BC_1/PACE_OCI.20250522T210638.V3_L2_Rrs_L2GEN_MTS.tiff,<PACE_IMAGE_REPOSITORY_URL>,-128.3438720703125,-124.4832729501943,49.50695037841797,47.99401288539868,222,87,167,380.0,719.0
R2_NEPacific_BC_2,PACE_OCI.20250522T210638,PACE_OCI.20250522T210638.V3_L2_Rrs_L2GEN_MTS.tiff,2025-05-22T21:06:38,E:\Rrs\R2_NEPacific_BC_2\PACE_OCI.20250522T210638.V3_L2_Rrs_L2GEN_MTS.tiff,Rrs/R2_NEPacific_BC_2/PACE_OCI.20250522T210638.V3_L2_Rrs_L2GEN_MTS.tiff,<PACE_IMAGE_REPOSITORY_URL>,-131.17953491210938,-128.05470391624303,49.536014556884766,48.16448240032805,221,97,167,380.0,719.0
R2_NEPacific_BC_3,PACE_OCI.20250522T210638,PACE_OCI.20250522T210638.V3_L2_Rrs_L2GEN_MTS.tiff,2025-05-22T21:06:38,E:\Rrs\R2_NEPacific_BC_3\PACE_OCI.20250522T210638.V3_L2_Rrs_L2GEN_MTS.tiff,Rrs/R2_NEPacific_BC_3/PACE_OCI.20250522T210638.V3_L2_Rrs_L2GEN_MTS.tiff,<PACE_IMAGE_REPOSITORY_URL>,-134.45953369140625,-130.96732802667768,49.84552383422852,48.3648286323836,250,106,167,380.0,719.0
R2_NEPacific_BC_4,PACE_OCI.20250522T210638,PACE_OCI.20250522T210638.V3_L2_Rrs_L2GEN_MTS.tiff,2025-05-22T21:06:38,E:\Rrs\R2_NEPacific_BC_4\PACE_OCI.20250522T210638.V3_L2_Rrs_L2GEN_MTS.tiff,Rrs/R2_NEPacific_BC_4/PACE_OCI.20250522T210638.V3_L2_Rrs_L2GEN_MTS.tiff,<PACE_IMAGE_REPOSITORY_URL>,-136.71499633789062,-133.79728866484672,49.94975280761719,48.54925312455612,200,96,167,380.0,719.0
R2_NEPacific_BC_5,PACE_OCI.20250522T210638,PACE_OCI.20250522T210638.V3_L2_Rrs_L2GEN_MTS.tiff,2025-05-22T21:06:38,E:\Rrs\R2_NEPacific_BC_5\PACE_OCI.20250522T210638.V3_L2_Rrs_L2GEN_MTS.tiff,Rrs/R2_NEPacific_BC_5/PACE_OCI.20250522T210638.V3_L2_Rrs_L2GEN_MTS.tiff,<PACE_IMAGE_REPOSITORY_URL>,-141.52474975585938,-134.57250656248218,51.16011428833008,47.85355959879703,410,195,167,380.0,719.0
R2_NEPacific_BC_6,PACE_OCI.20250522T210638,PACE_OCI.20250522T210638.V3_L2_Rrs_L2GEN_MTS.tiff,2025-05-22T21:06:38,E:\Rrs\R2_NEPacific_BC_6\PACE_OCI.20250522T210638.V3_L2_Rrs_L2GEN_MTS.tiff,Rrs/R2_NEPacific_BC_6/PACE_OCI.20250522T210638.V3_L2_Rrs_L2GEN_MTS.tiff,<PACE_IMAGE_REPOSITORY_URL>,-145.2220458984375,-140.81063299035438,51.035911560058594,48.9742964824117,199,93,167,380.0,719.0
